Artist,title,lyrics
David Bowie,space oddity,"ground control to major tom<c> ground control to major tom<c> take your protein pills and put your helmet on<c> ten ground control nine to major tom eight, seven<c> six commencing five countdown, engines on<c> four, three, two<c> check ignition one and may gods love lift off be with you<c> this is ground control to major tom<c> youve really made the grade<c> and the papers want to know whose shirts you wear<c> now its time to leave the capsule if you dare<c> this is major tom to ground control<c> im stepping through the door<c> and im floating in a most peculiar way<c> and the stars look very different today<c> for here am i sitting in my tin can<c> far above the world<c> planet earth is blue<c> and theres nothing i can do<c> though im past one hundred thousand miles<c> im feeling very still<c> and i think my spaceship knows which way to go<c> tell my wife i love her very much<c> she knows<c> ground control to major tom<c> your circuits dead, theres something wrong<c> can you hear me, major tom?<c> can you hear me, major tom?<c> can you hear me, major tom?<c> can you<c> here am i floating round my tin can<c> far above the moon<c> planet earth is blue<c> and theres nothing i can do<c> 86embedshare urlcopyembedcopy"
David Bowie,â˜… blackstar,"in the villa of ormen, in the villa of ormen<c> stands a solitary candle, ahah, ahah<c> in the centre of it all, in the centre of it all<c> your eyes<c> on the day of execution, on the day of execution<c> only women kneel and smile, ahah, ahah<c> at the centre of it all, at the centre of it all<c> your eyes, your eyes<c> ahahah<c> ahahah<c> in the villa of ormen, in the villa of ormen<c> stands a solitary candle, ahah, ahah<c> at the centre of it all, at the centre of it all<c> your eyes, your eyes<c> ahahah<c> something happened on the day he died<c> spirit rose a metre and stepped aside<c> somebody else took his place, and bravely cried<c> im a blackstar, im a blackstar<c> how many times does an angel fall?<c> how many people lie instead of talking tall?<c> he trod on sacred ground, he cried loud into the crowd<c> im a blackstar, im a blackstar, im not a gangstar<c> i cant answer why im a blackstar<c> just go with me im not a filmstar<c> ima take you home im a blackstar<c> take your passport and shoes im not a popstar<c> and your sedatives, boo im a blackstar<c> youre a flash in the pan im not a marvel star<c> im the great i am im a blackstar<c> im a blackstar, way up, on money, ive got game<c> i see right, so wide, so openhearted pain<c> i want eagles in my daydreams, diamonds in my eyes<c> im a blackstar, im a blackstar<c> something happened on the day he died<c> spirit rose a metre then stepped aside<c> somebody else took his place, and bravely cried<c> im a blackstar, im a stars star, im a blackstar<c> i cant answer why im not a gangstar<c> but i can tell you how im not a flam star<c> we were born upsidedown im a stars star<c> born the wrong way round im not a white star<c> im a blackstar, im not a gangstar<c> im a blackstar, im a blackstar<c> im not a pornstar, im not a wandering star<c> im a blackstar, im a blackstar<c> in the villa of ormen stands a solitary candle<c> ahah, ahah<c> at the centre of it all, your eyes<c> on the day of execution, only women kneel and smile<c> ahah, ahah<c> at the centre of it all, your eyes, your eyes<c> ahahah<c> 80embedshare urlcopyembedcopy"
David Bowie,heroes,"i, i will be king<c> and you, you will be queen<c> though nothing will drive them away<c> we can beat them just for one day<c> we can be heroes just for one day<c> and you, you can be mean<c> and i, ill drink all the time<c> cause were lovers, and that is a fact<c> yes, were lovers, and that is that<c> though nothing will keep us together<c> we could steal time just for one day<c> we can be heroes forever and ever<c> what dyou say?<c> i, i wish you could swim<c> like the dolphins, like dolphins can swim<c> though nothing, nothing will keep us together<c> we can beat them forever and ever<c> oh, we can be heroes just for one day<c> i, i will be king<c> and you, you will be queen<c> though nothing will drive them away<c> we can be heroes, just for one day<c> we can be us just for one day<c> i, i can remember i remember<c> standing by the wall by the wall<c> and the guns shot above our heads over our heads<c> and we kissed as though nothing could fall nothing could fall<c> and the shame was on the other side<c> oh, we can beat them forever and ever<c> then we could be heroes just for one day<c> we can be heroes<c> we can be heroes<c> we can be heroes just for one day<c> we can be heroes<c> were nothing, and nothing will help us<c> maybe were lying, then you better not stay<c> but we could be safer just for one day<c> ohohohoh, ohohohoh, just for one day78embedshare urlcopyembedcopy"
David Bowie,life on mars?,"its a godawful small affair<c> to the girl with the mousy hair<c> but her mummy is yelling, no<c> and her daddy has told her to go<c> but her friend is nowhere to be seen<c> now she walks through her sunken dream<c> to the seat with the clearest view<c> and shes hooked to the silver screen<c> but the film is a saddening bore<c> for shes lived it ten times or more<c> she could spit in the eyes of fools<c> as they ask her to focus on<c> sailors fighting in the dance hall<c> oh, man, look at those cavemen go<c> its the freakiest show<c> take a look at the lawman<c> beating up the wrong guy<c> oh, man, wonder if hell ever know<c> hes in the best selling show<c> is there life on mars?<c> its on americas tortured brow<c> that mickey mouse has grown up a cow<c> now the workers have struck for fame<c> cause lennons on sale again<c> see the mice in their million hordes<c> from ibiza to the norfolk broads<c> rule britannia is out of bounds<c> to my mother, my dog, and clowns<c> but the film is a saddening bore<c> because i wrote it ten times or more<c> its about to be writ again<c> as i ask you to focus on<c> sailors fighting in the dance hall<c> oh, man, look at those cavemen go<c> its the freakiest show<c> take a look at the lawman<c> beating up the wrong guy<c> oh, man, wonder if hell ever know<c> hes in the best selling show<c> is there life on mars?101embedshare urlcopyembedcopy"
David Bowie,starman,"hey now, now<c> oh, oh, oh<c> didnt know what time it was, the lights were low<c> i leaned back on my radio<c> some cat was layin down some rock n roll<c> lotta soul, he said<c> then the loud sound did seem to fade<c> came back like a slow voice on a wave of phase<c> that werent no dj, that was hazy cosmic jive<c> theres a starman waiting in the sky<c> hed like to come and meet us<c> but he thinks hed blow our minds<c> theres a starman waiting in the sky<c> hes told us not to blow it<c> cause he knows its all worthwhile<c> he told me<c> let the children lose it<c> let the children use it<c> let all the children boogie<c> i had to phone someone so i picked on you<c> hey, thats far out, so you heard him too<c> switch on the tv, we may pick him up on channel two<c> look out your window, i can see his light<c> if we can sparkle he may land tonight<c> dont tell your poppa or hell get us locked up in fright<c> theres a starman waiting in the sky<c> hed like to come and meet us<c> but he thinks hed blow our minds<c> theres a starman waiting in the sky<c> hes told us not to blow it<c> cause he knows its all worthwhile<c> he told me<c> let the children lose it<c> let the children use it<c> let all the children boogie<c> starman waiting in the sky<c> hed like to come and meet us<c> but he thinks hed blow our minds<c> theres a starman waiting in the sky<c> hes told us not to blow it<c> cause he knows its all worthwhile<c> he told me<c> let the children lose it<c> let the children use it<c> let all the children boogie<c> la, la, la, lala, la, la, la<c> la, la, la, lala, la, la, la<c> la, la, la, lala, la, la, la<c> la, la, la, lala, la, la, la<c> la, la, la, lala, la, la, la<c> la, la, la, lala, la, la, la<c> la, la, la, lala, la, la, la<c> la, la, la, lala, la, la, la48embedshare urlcopyembedcopy"
David Bowie,lazarus,"look up here, im in heaven<c> ive got scars that cant be seen<c> ive got drama, cant be stolen<c> everybody knows me now<c> look up here, man, im in danger<c> ive got nothing left to lose<c> im so high, it makes my brain whirl<c> dropped my cell phone down below<c> aint that just like me?<c> by the time i got to new york<c> i was living like a king<c> there i used up all my money<c> i was looking for your ass<c> this way or no way<c> you know ill be free<c> just like that bluebird<c> now, aint that just like me?<c> oh, ill be free<c> just like that bluebird<c> oh, ill be free<c> aint that just like me?<c> 52embedshare urlcopyembedcopy"
David Bowie,changes,"oh yeah<c> mmm<c> still dont know what i was waiting for<c> and my time was running wild, a million deadend streets and<c> every time i thought id got it made<c> it seemed the taste was not so sweet<c> so i turned myself to face me<c> but ive never caught a glimpse<c> of how the others must see the faker<c> im much too fast to take that test<c> chchchchchanges turn and face the strange<c> chchchanges, dont want to be a richer man<c> chchchchchanges turn and face the strange<c> chchchanges, just gonna have to be a different man<c> time may change me<c> but i cant trace time<c> oh yeah<c> i watch the ripples change their size<c> but never leave the stream of warm impermanence and<c> so the days float through my eyes<c> but still the days seem the same<c> and these children that you spit on<c> as they try to change their worlds<c> are immune to your consultations<c> theyre quite aware of what theyre going through<c> chchchchchanges turn and face the strange<c> chchchanges, dont tell them to grow up and out of it<c> chchchchchanges turn and face the strange<c> chchchanges, wheres your shame?<c> youve left us up to our necks in it<c> time may change me<c> but you cant trace time<c> strange fascination, fascinating me<c> ah, changes are taking the pace im going through<c> chchchchchanges turn and face the strange<c> chchchanges, oh, look out you rock n rollers<c> chchchchchanges turn and face the strange<c> chchchanges, pretty soon now youre gonna get older<c> time may change me<c> but i cant trace time<c> i said that time may change me<c> but i cant trace time25embedshare urlcopyembedcopy"
David Bowie,the man who sold the world,"we passed upon the stair<c> we spoke of was and when<c> although i wasnt there<c> he said i was his friend<c> which came as some surprise<c> i spoke into his eyes, i thought you died alone<c> a long long time ago<c> oh no, not me<c> i never lost control<c> youre face to face<c> with the man who sold the world<c> i laughed and shook his hand<c> and made my way back home<c> i searched for form and land<c> for years and years i roamed<c> i gazed a gazely stare<c> at all the millions here<c> we must have died alone<c> a long long time ago<c> who knows? not me<c> we never lost control<c> youre face to face<c> with the man who sold the world<c> who knows? not me<c> we never lost control<c> youre face to face<c> with the man who sold the world29embedshare urlcopyembedcopy"
David Bowie,girl loves me,"cheena so sound, so titi up this malchick, say<c> party up moodge, nanti vellocet round on tuesday<c> real bad dizzy snatch making all the omies mad  thursday<c> popo blind to the polly in the hole by friday<c> where the fuck did monday go?<c> im cold to this pig and pug show<c> im sittin in the chestnut tree<c> who the fucks gonna mess with me?<c> girl loves me hey, cheena<c> girl loves me<c> girl loves me hey, cheena<c> girl loves me<c> where the fuck did monday go?<c> go, go, go, go, go, go, go<c> im cold to this pig and pug show<c> go, go, go, go, go, go, go, go<c> where the fuck did monday go?<c> go, go, go, go, go, go, go, go, go<c> you viddy at the cheena<c> choodesny with the red rot<c> libbilubbing litsofitso<c> devotchka watch her garbles<c> spatchko at the rozzshop<c> split a ded from his deng deng<c> viddy viddy at the cheena<c> girl loves me hey, cheena<c> girl loves me<c> girl loves me hey, cheena<c> girl loves me<c> girl loves me hey, cheena<c> girl loves me<c> where the fuck did monday go?<c> where the fuck did monday go?<c> where the fuck did monday go?<c> girl loves me hey, cheena<c> girl loves me<c> girl loves me hey, cheena<c> girl loves me<c> where the fuck did monday go?<c> where the fuck did monday go?18embedshare urlcopyembedcopy"
David Bowie,ashes to ashes,"do you remember a guy thats been<c> in such an early song?<c> ive heard a rumour from ground control<c> oh no, dont say its true<c> they got a message from the action man<c> im happy, hope youre happy too<c> ive loved all ive needed to love<c> sordid details following<c> the shrieking of nothing is killing<c> just pictures of jap girls in synthesis<c> and i aint got no money and i aint got no hair<c> but im hoping to kick but the planet is glowing<c> ashes to ashes, funk to funky<c> we know major toms a junkie<c> strung out in heavens high<c> hitting an alltime low<c> time and again i tell myself<c> ill stay clean tonight<c> but the little green wheels are following me<c> oh no, not again<c> im stuck with a valuable friend<c> im happy, hope youre happy too<c> one flash of light, but no smoking pistol<c> ive never done good things<c> ive never done bad things<c> i never did anything out of the blue, whoa whoa<c> want an axe to break the ice<c> wanna come down right now<c> ashes to ashes, funk to funky<c> we know major toms a junkie<c> strung out in heavens high<c> hitting an alltime low<c> my mama said to get things done<c> youd better not mess with major tom<c> my mama said to get things done<c> youd better not mess with major tom<c> my mama said to get things done<c> youd better not mess with major tom<c> my mama said to get things done<c> youd better not mess with major tom21embedshare urlcopyembedcopy"
David Bowie,moonage daydream,"im an alligator<c> im a mamapapa coming for you<c> im a space invader<c> ill be a rock n rollin bitch for you<c> keep your mouth shut<c> youre squawking like a pink monkey bird<c> and im busting up my brains for the words<c> keep your lectric eye on me, babe<c> put your ray gun to my head<c> press your space face close to mine, love<c> freak out in a moonage daydream, oh yeah<c> dont fake it, baby<c> lay the real thing on me<c> the church of man, love<c> is such a holy place to be<c> make me, baby<c> make me know you really care<c> make me jump into the air<c> keep your lectric eye on me, babe<c> put your ray gun to my head<c> press your space face close to mine, love<c> freak out in a moonage daydream, oh yeah<c> keep your lectric eye on me, babe<c> put your ray gun to my head<c> press your space face close to mine, love<c> freak out in a moonage daydream, oh<c> keep your lectric eye on me, babe<c> keep your lectric eye on me, babe<c> lectric eye on me babe<c> put your ray gun to my head<c> put your ray gun to my head<c> ray gun to my head<c> press your space face close to mine, love<c> press your space face close to mine, love<c> press your space face close to mine, love<c> freak out in a moonage daydream, oh yeah<c> freak out in a moonage daydream, oh yeah<c> freak out in a moonage daydream<c> oh yeah, oh yeah, oh yeah, oh yeah, oh yeah...<c> freak out freak out, freak out, freak out, freak out...<c> far out far out, far out, far out, far out...<c> in out in out, in out, in out, in out...31embedshare urlcopyembedcopy"
David Bowie,ziggy stardust,"oh yeah<c> now ziggy played guitar<c> jamming good with weird and gilly<c> and the spiders from mars<c> he played it left hand<c> but made it too far<c> became the special man<c> then we were ziggys band<c> ziggy really sang<c> screwed up eyes and screwed down hairdo<c> like some cat from japan<c> he could lick em by smiling<c> he could leave em to hang<c> he came on so loaded, man,<c> well hung, snow white tan<c> so where were the spiders<c> while the fly tried to break our balls?<c> just the beer light to guide us<c> so we bitched about his fans<c> and should we crush his sweet hands?<c> oh yeah<c> ziggy played for time<c> jiving us that we were voodoo<c> the kids was just crass<c> he was the naz<c> with godgiven ass<c> he took it all too far<c> but boy, could he play guitar<c> making love with his ego<c> ziggy sucked up into his mind ah<c> like a leper messiah<c> when the kids had killed a man<c> i had to break up the band<c> oh yeah<c> ooh<c> ziggy played guitar17embedshare urlcopyembedcopy"
David Bowie,modern love,"i know when to go out<c> and when to stay in<c> get things done<c> i catch the paper boy<c> but things dont really change<c> im standing in the wind<c> but i never wave byebye<c> but i try<c> i try<c> theres no sign of life<c> its just the power to charm<c> im lying in the rain<c> but i never wave byebye<c> but i try<c> i try<c> never going to fall for<c> modern love walks beside me<c> modern love walks on by<c> modern love gets me to the church on time<c> church on time terrifies me<c> church on time makes me party<c> church on time puts my trust in god and man<c> god and man no confessions<c> god and man no religion<c> god and man dont believe in modern love<c> its not really work<c> its just the power to charm<c> im still standing in the wind<c> but i never wave bye bye<c> but i try<c> i try<c> never going to fall for<c> modern love walks beside me<c> modern love walks on by<c> modern love gets me to the church on time<c> church on time terrifies me<c> church on time makes me party<c> church on time puts my trust in god and man<c> god and man no confessions<c> god and man no religion<c> god and man dont believe in modern love<c> modern love walks beside me<c> modern love walks on by<c> modern love gets me to the church on time<c> church on time terrifies me<c> church on time makes me party<c> church on time puts my trust in god and man<c> god and man no confessions<c> god and man no religion<c> god and man dont believe in modern love<c> modern love, modern love, modern love, modern love<c> modern love, modern love, modern love, modern love<c> modern love, modern love, modern love, modern love<c> modern love, modern love, modern love, modern love<c> modern love, walks beside me modern love<c> modern love, walks on by modern love<c> modern love, walks beside me modern love<c> modern love, walks on by modern love<c> never gonna fall for<c> modern love, modern love, modern love, modern love14embedshare urlcopyembedcopy"
David Bowie,five years,"pushing through the market square<c> so many mothers sighing<c> news had just come over<c> we had five years left to cry in cry in<c> news guy wept and told us<c> earth was really dying dying<c> cried so much his face was wet<c> then i knew he was not lying lying<c> i heard telephones, opera house, favourite melodies<c> i saw boys, toys, electric irons and tvs<c> my brain hurt like a warehouse, it had no room to spare<c> i had to cram so many things to store everything in there<c> and all the fat, skinny people<c> and all the tall, short people<c> and all the nobody people<c> and all the somebody people<c> i never thought id need so many people<c> a girl my age went off her head<c> hit some tiny children<c> if the black hadnt have pulled her off<c> i think she would have killed them<c> a soldier with a broken arm<c> fixed his stare to the wheels of a cadillac<c> a cop knelt and kissed the feet of a priest<c> and a queer threw up at the sight of that<c> i think i saw you in an icecream parlour<c> drinking milkshakes cold and long<c> smiling and waving and looking so fine<c> dont think you knew you were in this song<c> and it was cold and it rained, so i felt like an actor<c> and i thought of ma and i wanted to get back there<c> your face, your race<c> the way that you talk<c> i kiss you, youre beautiful<c> i want you to walk<c> weve got five years, stuck on my eyes<c> five years, what a surprise<c> weve got five years, my brain hurts a lot<c> five years, thats all weve got<c> weve got five years, what a surprise<c> five years, stuck on my eyes<c> weve got five years, my brain hurts a lot<c> five years, thats all weve got<c> weve got five years, stuck on my eyes<c> five years, what a surprise<c> weve got five years, my brain hurts a lot<c> five years, thats all weve got<c> weve got five years, what a surprise<c> weve got five years, stuck on my eyes<c> weve got five years, my brain hurts a lot<c> five years, thats all weve got<c> five years<c> five years<c> five years<c> five years30embedshare urlcopyembedcopy"
David Bowie,tis a pity she was a whore,"
man, she punched me like a dude<c> hold your mad hands, i cried<c> tis a pity she was a whore<c> tis my curse, i suppose<c> that was patrol<c> that was patrol<c> this is the war<c> black struck the kiss, she kept my cock<c> smote the mistress, drifting on<c> tis a pity she was a whore<c> she stole my purse, with rattling speed<c> that was patrol<c> this is the war<c> tis a pity she was a whore<c> man, she punched me like a dude<c> hold your mad hands, i cried<c> tis a pity she was a whore<c> tis my fate, i suppose<c> for, that was patrol<c> that was patrol<c> tis a pity she was a whore<c> tis a pity she was a whore<c> woo<c> ahh woo<c> woo14embedshare urlcopyembedcopy"
David Bowie,i cant give everything away,"i know somethings very wrong<c> the pulse returns the prodigal sons<c> the blackout hearts, the flowered news<c> with skull designs upon my shoes<c> i cant give everything<c> i cant give everything away<c> i cant give everything away<c> seeing more and feeling less<c> saying no but meaning yes<c> this is all i ever meant<c> thats the message that i sent<c> i cant give everything<c> i cant give everything away<c> i cant give everything away<c> i cant give everything<c> i cant give everything away<c> i cant give everything away<c> i know somethings very wrong<c> the pulse returns the prodigal sons<c> the blackout hearts, the flowered news<c> with skull designs upon my shoes<c> i cant give everything<c> i cant give everything away<c> i cant give everything away<c> i cant give everything<c> i cant give everything away<c> i cant give everything away18embedshare urlcopyembedcopy"
David Bowie,rock n roll suicide,"time takes a cigarette, puts it in your mouth<c> you pull on your finger, then another finger, then your cigarette<c> the walltowall is calling, it lingers, then you forget<c> oh oh, oh, oh, youre a rock n roll suicide<c> youre too old to lose it, too young to choose it<c> and the clock waits so patiently on your song<c> you walk past a cafe but you dont eat when youve lived too long<c> oh, no, no, no, youre a rock n roll suicide<c> chev brakes are snarling as you stumble across the road<c> but the day breaks instead so you hurry home<c> dont let the sun blast your shadow<c> dont let the milk float ride your mind<c> youre so natural  religiously unkind<c> oh no, love youre not alone<c> youre watching yourself but youre too unfair<c> you got your head all tangled up<c> but if i could only make you care<c> oh no, love youre not alone<c> no matter what or who youve been<c> no matter when or where youve seen<c> all the knives seem to lacerate your brain<c> ive had my share, ill help you with the pain<c> youre not alone<c> just turn on with me and youre not alone<c> lets turn on and be not alone wonderful<c> gimme your hands cause youre wonderful wonderful<c> gimme your hands cause youre wonderful wonderful<c> oh, gimme your hands23embedshare urlcopyembedcopy"
David Bowie,dollar days,"cash girls suffer me, ive got no enemies<c> im walking down<c> its nothing to me<c> its nothing to see<c> if ill never see the english evergreens im running to<c> its nothing to me<c> its nothing to see<c> im dying to<c> push their backs against the grain<c> and fool them all again and again<c> im trying to<c> we bitches tear our magazines<c> those oligarchs with foaming mouths come<c> now and then<c> cant believe for just one second im forgetting you<c> im trying to<c> im dying to<c> dollar days, survival sex<c> honour stretching tails to necks<c> im falling down<c> its nothing to me<c> its nothing to see<c> if ill never see the english evergreens im running to<c> its nothing to me<c> its nothing to see<c> im dying to<c> push their backs against the grain<c> and fool them all again and again<c> im trying to<c> its all gone wrong but on and on<c> the bitter nerve ends never end<c> im falling down<c> dont believe for just one second im forgetting you<c> im trying to<c> im dying to<c> im trying to<c> im dying to<c> im trying to<c> im dying to<c> im trying to<c> im dying to<c> im trying to<c> im dying to12embedshare urlcopyembedcopy"
David Bowie,rebel rebel,"doo doo doodoo doo doodoo doo<c> doo doo doodoo doo doodoo doo<c> doo doo doodoo doo doodoo doo<c> youve got your mother in a whirl<c> shes not sure if youre a boy or a girl<c> hey, babe, your hairs alright<c> hey, babe, lets go out tonight<c> you like me and i like it all<c> we like dancing and we look divine<c> you love bands when theyre playing hard<c> you want more and you want it fast<c> they put you down, they say im wrong<c> you tacky thing, you put them on<c> rebel rebel, youve torn your dress<c> rebel rebel, your face is a mess<c> rebel rebel, how could they know?<c> hot tramp, i love you so<c> bridge
dont ya?<c> doo doo doodoo doo doodoo doo<c> youve got your mother in a whirl<c> cause shes not sure if youre a boy or a girl<c> hey, babe, your hairs alright<c> hey, babe, lets stay out tonight<c> you like me and i like it all<c> we like dancing and we look divine<c> you love bands when theyre playing hard<c> you want more and you want it fast<c> they put you down, they say im wrong<c> you tacky thing, you put them on<c> rebel rebel, youve torn your dress<c> rebel rebel, your face is a mess<c> rebel rebel, how could they know?<c> hot tramp, i love you so<c> dont ya?<c> ooh<c> doo doo doodoo doo doodoo doo<c> doo doo doodoo doo doodoo doo<c> rebel rebel, youve torn your dress<c> rebel rebel, your face is a mess<c> rebel rebel, how could they know?<c> hot tramp, i love you so dont ya?<c> youve torn your dress, your face is a mess<c> you cant get enough, but enough aint the test<c> youve got your transmission and your live wire<c> you got your cue line and a handful of ludes<c> you wanna be there when they count up the dudes<c> and i love your dress<c> youre a juvenile success<c> because your face is a mess<c> so how could they know?<c> i said, how could they know?<c> so what you wanna know?<c> calamitys child, chichi, chichi<c> whered you wanna go?<c> what can i do for you? looks like ive been there too<c> cause youve torn your dress<c> and your face is a mess<c> ooh, your face is a mess<c> ooh, ooh, so how could they know?<c> ah, ah, how could they know?<c> ah, ah15embedshare urlcopyembedcopy"
David Bowie,young americans,"they pulled in just behind the bridge<c> he lays her down, he frowns<c> gee, my lifes a funny thing<c> am i still too young?<c> he kissed her then and there<c> she took his ring, took his babies<c> it took him minutes, took her nowhere<c> heaven knows, shed have taken anything, but<c> all night<c> she wants the young american<c> young american, young american<c> she wants the young american<c> all right<c> she wants the young american<c> scanning life through the picture window<c> she finds the slinky vagabond<c> he coughs as he passes her ford mustang<c> but heaven forbid, shell take anything<c> but the freak, and his type, all for nothing<c> he misses a step and cuts his hand, but<c> showing nothing, he swoops like a song<c> she cries where have all papas heroes gone?<c> all night<c> she wants the young american<c> young american, young american<c> she wants the young american<c> all right<c> but she wants the young american<c> all the way from washington<c> her breadwinner begs off the bathroom floor<c> we live for just these twenty years<c> do we have to die for the fifty more?<c> all night<c> he wants the young american<c> young american, young american<c> he wants the young american<c> all right all right<c> he wants the young american<c> do you remember, your president nixon?<c> do you remember, the bills you have to pay?<c> or even yesterday?<c> have you been the unamerican?<c> just you and your idol sing falsetto<c> bout leather, leather everywhere<c> and not a myth left from the ghetto<c> well, well, well, would you carry a razor<c> in case, just in case of depression?<c> sit on your hands on a bus of survivors<c> blushing at all the afrosheeners<c> aint that close to love?<c> well, aint that poster love?<c> well, it aint that barbie doll<c> her hearts been broken just like you and<c> all night<c> all night, you want the young american<c> young american young american<c> you want the young american all right<c> all right<c> you want the young american<c> you aint a pimp and you aint a hustler<c> a pimps got a cadi and a lady got a chrysler<c> blacks got respect, and whites got his soul train<c> mamas got cramps, and look at your hands ache<c> i heard the news today, oh boy<c> i got a suite and you got defeat<c> aint there a man who can say no more?<c> and aint there a woman i can sock on the jaw?<c> and, aint there a child i can hold without judging?<c> aint there a pen that will write before they die?<c> aint you proud that youve still got faces?<c> aint there one damn song that can make me break down and cry?<c> all night<c> i want the young american<c> young american young american<c> i want the young american<c> all right<c> i want the young american, young american<c> young american, young american<c> i want the young american<c> all night<c> you want i, i want you<c> young american, young american<c> i want the young american<c> all right<c> all i want is the young american<c> young american, young american<c> i want the young american<c> all night11embedshare urlcopyembedcopy"
David Bowie,station to station,"the return of the thin white duke<c> throwing darts in lovers eyes<c> here are we, one magical moment<c> such is the stuff, from where dreams are woven<c> bending sound, dredging the ocean<c> lost in my circle<c> here am i, flashing no color<c> tall in this room overlooking the ocean<c> here are we, one magical movement<c> from kether to malkuth<c> there are you, drive like a demon<c> from station to station<c> the return of the thin white duke<c> throwing darts in lovers eyes<c> the return of the thin white duke<c> throwing darts in lovers eyes<c> the return of the thin white duke<c> making sure white stains<c> once there were mountains on mountains<c> and once there were sun birds to soar with<c> and once i could never be down<c> got to keep searching and searching<c> and oh, what will i be believing<c> and who will connect me with love?<c> wonder who, wonder who, wonder when<c> have you sought fortune, evasive and shy?<c> drink to the men who protect you and i<c> drink, drink, drain your glass, raise your glass high<c> its not the sideeffects of the cocaine<c> im thinking that it must be love<c> its too late to be grateful<c> its too late to be late again<c> its too late to be hateful<c> the european canon is near<c> i must be only one in a million<c> i wont let the day pass without her<c> its too late to be grateful<c> its too late to be late again<c> its too late to be hateful<c> the european canon is here<c> should i believe that ive been stricken?<c> does my face show some kind of glow?<c> its too late to be grateful<c> its too late to be late again<c> its too late to be hateful<c> the european canon is here, yes its here<c> its too late, its too late<c> its too late, its too late<c> its too late<c> the european canon is near<c> its not the sideeffects of the cocaine<c> im thinking that it must be love<c> its too late to be grateful<c> its too late to be late again<c> its too late to be hateful<c> the european canon is here<c> i must be only one in a million<c> i wont let the day pass without her<c> its too late to be grateful<c> its too late to be late again<c> its too late to be hateful<c> the european canon is here, yes its here<c> should i believe that ive been stricken?<c> does my face show some kind of glow?<c> its too late to be grateful<c> its too late to be late again<c> its too late to be hateful<c> the european canon is here, yes its here<c> its too late, its too late<c> its too late, its too late<c> its too late<c> the european canon is here16embedshare urlcopyembedcopy"
David Bowie,suffragette city,"hey man oh, leave me alone, you know<c> hey man oh, henry, get off the phone, i gotta<c> hey man i gotta straighten my face<c> this mellow thighed chick just put my spine out of place<c> hey man my schooldays insane<c> hey man my works down the drain<c> hey man well, shes a total blamblam<c> she said she had to squeeze it but she, and then she<c> oh, dont lean on me, man, cause you cant afford the ticket<c> back from suffragette city<c> oh, dont lean on me, man, cause you aint got time to check it<c> you know my suffragette city<c> is outta sight<c> shes all right<c> hey, man oh, henry, dont be unkind, go away<c> hey, man i cant take you this time, no way<c> hey, man dear droogie, dont crash here<c> theres only room for one and here she comes, here she comes<c> oh, dont lean on me, man, cause you cant afford the ticket<c> back from suffragette city<c> oh, dont lean on me, man, cause you aint got time to check it<c> you know my suffragette city<c> is outta sight<c> shes all right<c> oh, hit me<c> oh, dont lean on me, man, cause you cant afford the ticket<c> back from suffragette city<c> oh, dont lean on me, man, cause you aint got time to check it<c> you know my suffragette city<c> dont lean on me, man, cause you cant afford the ticket<c> back from suffragette city<c> and dont lean on me, man, cause you aint got time to check it<c> you know my suffragette city<c> is outta sight<c> whoa, shes all right<c> a suffragette city<c> a suffragette city<c> im back on suffragette city<c> im back on suffragette city<c> whoa, suffragette city<c> ooh, suffragette city<c> oohhow, suffragette city<c> oohhow, suffragette city<c> oohhow, suffragette<c> oh, wham, bam, thank you, maam<c> a suffragette city<c> a suffragette city<c> quite all right<c> a suffragette city<c> too fine<c> a suffragette city<c> ooh, a suffragette city<c> oh, my suffragette city<c> oh, my suffragette city<c> oh, suffragette<c> suffragette2embedshare urlcopyembedcopy"
David Bowie,lets dance,"ah, ah, ah, ah<c> lets dance<c> lets dance<c> lets dance put on your red shoes and dance the blues<c> lets dance to the song theyre playing on the radio<c> lets sway while colour lights up your face<c> lets sway sway through the crowd to an empty space<c> if you say run, ill run with you<c> and if you say hide, well hide<c> because my love for you would break my heart in two<c> if you should fall, into my arms and tremble like a flower<c> lets dance<c> lets dance<c> lets dance for fear your grace should fall<c> lets dance for fear tonight is all<c> lets sway you could look into my eyes<c> lets sway under the moonlight, this serious moonlight<c> and if you say run, ill run with you<c> and if you say hide, well hide<c> because my love for you would break my heart in two<c> if you should fall, into my arms and tremble like a flower<c> lets dance<c> lets dance<c> lets dance put on your red shoes and dance the blues<c> lets dance to the song were playing<c> lets sway<c> lets sway under the moonlight, this serious moonlight<c> lets dance<c> lets...<c> lets...<c> lets...<c> lets sway<c> lets...<c> lets dance, lets dance, lets dance, lets dance, lets dance<c> lets dance<c> lets sway<c> lets sway<c> lets dance, lets dance, lets dance, lets dance, lets dance<c> lets dance<c> lets dance<c> lets dance<c> lets dance18embedshare urlcopyembedcopy"
David Bowie,oh you pretty things,"wake up you sleepy head<c> put on some clothes, shake up your bed<c> put another log on the fire for me<c> ive made some breakfast and coffee<c> look out my window and what do i see<c> a crack in the sky and a hand reaching down to me<c> all the nightmares came today<c> and it looks as though theyre here to stay<c> what are we coming to<c> no room for me, no fun for you<c> i think about a world to come<c> where the books were found by the golden ones<c> written in pain, written in awe<c> by a puzzled man who questioned what we were here for<c> all the strangers came today<c> and it looks as though theyre here to stay<c> oh, you pretty things<c> dont you know youre driving your mamas and papas insane?<c> oh, you pretty things<c> dont you know youre driving your mamas and papas insane<c> let me make it plain<c> you gotta make way for the homo superior<c> look out at your children<c> see their faces in golden rays<c> dont kid yourself, they belong to you<c> theyre the start of the coming race<c> the earth is a bitch, weve finished our news<c> homo sapiens have outgrown their use<c> all the strangers came today<c> and it looks as though theyre here to stay<c> oh, you pretty things<c> dont you know youre driving your mamas and papas insane<c> oh, you pretty things<c> dont you know youre driving your mamas and papas insane<c> let me make it plain<c> gotta make way for the homo superior17embedshare urlcopyembedcopy"
David Bowie,sue or in a season of crime,"sue<c> i got the job<c> well buy the house<c> youll need to rest<c> but now well make it<c> sue<c> the clinic called<c> the xrays fine<c> i brought you home<c> i just said home<c> sue, you said you want it writ<c> sue, the virgin on your stone<c> for your grave<c> why too dark to speak the words?<c> for, i know that you have a son<c> oh, folly, sue<c> ride the train, im far from home<c> in a season of crime none need atone<c> i kissed your face<c> sue, ive pushed you down beneath the weeds<c> endless faith in hopeless deeds<c> i kissed your face<c> i touched your face<c> sue, goodbye<c> sue, i found your note<c> that you wrote last night<c> it cant be right<c> you went with him<c> sue, i never dreamed<c> im such a fool<c> right from the start<c> you went with that clown8embedshare urlcopyembedcopy"
David Bowie,soul love,"stone love  she kneels before the grave<c> a brave son  who gave his life<c> to save the slogan<c> that hovers between the headstone and her eyes<c> for they penetrate her grieving<c> new love  a boy and girl are talking<c> new words  that only they can share in<c> new words  a love so strong it tears their hearts<c> to sleep  through the fleeting hours of morning<c> love is careless in its choosing<c> sweeping over cross a baby<c> love descends on those defenseless<c> idiot love will spark the fusion<c> inspirations have i none<c> just to touch the flaming dove<c> all i have is my love of love<c> and love is not loving<c> soul love  the priest that tastes the word and<c> told of love  and how my god on high is<c> all love  though reaching up my loneliness<c> evolves, by the blindness that surrounds him<c> love is careless in its choosing<c> sweeping over cross a baby<c> love descends on those defenseless<c> idiot love will spark the fusion<c> inspirations have i none<c> just to touch the flaming dove<c> all i have is my love of love<c> and love is not loving<c> 15embedshare urlcopyembedcopy"
David Bowie,china girl,"ohohohoh, little china girl<c> ohohohoh, little china girl<c> i could escape this feeling with my china girl<c> i feel a wreck without my little china girl<c> i hear her heart beating loud as thunder<c> saw the stars crashing<c> im a mess without my little china girl<c> wake up in the mornings, wheres my little china girl?<c> i hear her hearts beating loud as thunder<c> i saw the stars crashing down<c> im feeling tragic like im marlon brando<c> when i look at my china girl<c> i could pretend that nothing really meant too much<c> when i look at my china girl<c> i stumble into town just like a sacred cow<c> visions of swastikas in my head, plans for everyone<c> its in the white of my eyes<c> my little china girl<c> you shouldnt mess with me<c> ill ruin everything you are<c> you know, ill give you television<c> ill give you eyes of blue<c> ill give you a man who wants to rule the world<c> and when i get excited<c> my little china girl says<c> oh baby, just you shut your mouth<c> she says... shh<c> she says... shh<c> she says...<c> and when i get excited<c> my little china girl says<c> oh baby, just you shut your mouth<c> and when i get excited<c> my little china girl says<c> oh baby, just you shut your mouth<c> she says... shh<c> she says...<c> ohohohoh, little china girl<c> ohohohoh, little china girl<c> ohohohoh, little china girl<c> ohohohoh, little china girl9embedshare urlcopyembedcopy"
David Bowie,valentines day,"valentine told me whos to go<c> feelings hes treasured most of all<c> the teachers and the football star<c> its in his tiny face<c> its in his scrawny hand<c> valentine told me so<c> hes got something to say, its valentines day<c> the rhythm of the crowd<c> teddy and judy down<c> valentine sees it all<c> hes got something to say, its valentines day<c> valentine told me how it feels<c> if all the world were under his heels<c> or stumbling through the mall<c> its in his tiny face<c> its in his scrawny hand<c> valentine knows it all<c> hes got something to say, its valentines day<c> yeah
valentine valentine<c> yeah woo woo<c> valentine valentine<c> its in his scrawny hand<c> its in his icy heart<c> its happening today<c> valentine valentine<c> its in his scrawny hands<c> its in his icy heart<c> its happening today<c> valentine valentine11embedshare urlcopyembedcopy"
David Bowie,fame,"fame, fame makes a man take things over<c> fame, fame lets him loose, hard to swallow<c> fame, fame puts you there where things are hollow<c> fame fame<c> fame, its not your brain, its just the flame<c> that burns your change to keep you in... sane sane<c> fame fame<c> fame, fame what you like is in the limo<c> fame, fame what you get is no tomorrow<c> fame, fame what you need you have to borrow<c> fame fame<c> fame, nein its mine is just his line<c> to bind your time, it drives you to... crime<c> fame fame<c> could it be the best, could it be?<c> really be, really, babe?<c> could it be, my babe, could it, babe?<c> could it, babe? could it, babe?<c> is it any wonder i reject you first?<c> fame, fame fame, fame, fame fame<c> is it any wonder you are too cool to fool<c> fame fame<c> fame, bully for you, chilly for me<c> got to get a rain check on... pain pain<c> fame
fame, fame, fame, fame, fame, fame, fame, fame<c> fame, fame, fame, fame, fame, fame, fame, fame<c> fame, fame, fame, fame, fame, fame, fame<c> fame<c> whats your name?<c> feeling so gay, feeling gay7embedshare urlcopyembedcopy"
David Bowie,sound and vision,"dont you wonder sometimes<c> bout sound and vision?<c> blue, blue, electric blue<c> thats the colour of my room<c> where i will live<c> blue, blue<c> pale blinds drawn all day<c> nothing to read, nothing to say<c> blue, blue<c> i will sit right down<c> waiting for the gift of sound and vision<c> and i will sing<c> waiting for the gift of sound and vision<c> drifting into my solitude<c> over my head<c> dont you wonder sometimes<c> bout sound and vision?8embedshare urlcopyembedcopy"
David Bowie,lady stardust,"people stared at the makeup on his face<c> laughed at his long black hair, his animal grace<c> the boy in the bright blue jeans<c> jumped up on the stage<c> lady stardust sang his songs<c> of darkness and disgrace<c> and he was alright<c> the band was altogether<c> yes, he was alright<c> the song went on forever<c> yes, he was awful nice<c> really quite outta sight<c> and he sang all night long<c> femme fatales emerged from shadows to watch this creature fair<c> boys stood upon their chairs to make their point of view<c> i smiled sadly for a love i could not obey<c> lady stardust sang his songs of darkness and dismay<c> and he was alright<c> the band was altogether<c> yes, he was alright<c> the song went on forever<c> and he was awful nice<c> really quite paradise, and he sang<c> all night, all night long<c> ooh, how i sighed<c> when they asked if i knew his name<c> oh, it was alright<c> the band was altogether<c> yes, he was alright<c> and the song went on forever<c> he was awful nice<c> really quite paradise, he sang<c> all night long<c> get some pussy now7embedshare urlcopyembedcopy"
David Bowie,the next day,"look into my eyes he tells her<c> im gonna say goodbye he says, yeah<c> do not cry she begs of him goodbye, yeah<c> all that day she thinks of his love, yeah<c> they whip him through the streets and alleys there<c> the gormless and the baying crowd right there<c> they cant get enough of that doomsday song<c> they cant get enough of it all<c> listen<c> listen to the whores he tells her<c> he fashions paper sculptures of them<c> then drags them to the rivers bank in the cart<c> their soggy paper bodies wash ashore in the dark<c> and the priest stiff in hate now demanding fun begin<c> of his women dressed as men for the pleasure of that priest<c> here i am, not quite dying<c> my body left to rot in a hollow tree<c> its branches throwing shadows on the gallows for me<c> and the next day, and the next, and another day<c> ignoring the pain of their particular diseases<c> they chase him through the alleys chase him down the steps<c> they haul him through the mud and they chant for his death<c> and drag him to the feet of the purple headed priest<c> first they give you everything that you want<c> then they take back everything that you have<c> they live upon their feet and they die upon their knees<c> they can work with satan while they dress like the saints<c> they know god exists for the devil told them so<c> they scream my name aloud down into the well below<c> here i am, not quite dying<c> my body left to rot in a hollow tree<c> its branches throwing shadows on the gallows for me<c> and the next day, and the next, and another day<c> here i am, not quite dying<c> my body left to rot in a hollow tree<c> its branches throwing shadows on the gallows for me<c> and the next day, and the next, and another day<c> here i am, not quite dying<c> my body left to rot in a hollow tree<c> its branches throwing shadows on the gallows for me<c> and the next day, and the next, and another day<c> listen5embedshare urlcopyembedcopy"
David Bowie,quicksand,"im closer to the golden dawn<c> immersed in crowleys uniform<c> of imagery<c> im living in a silent film<c> portraying himmlers sacred realm<c> of dream reality<c> im frightened by the total goal<c> drawing to the ragged hole<c> and i aint got the power anymore<c> no i aint got the power anymore<c> im the twisted name on garbos eyes<c> living proof of churchills lies<c> im destiny<c> im torn between the light and dark<c> where others see their targets<c> divine symmetry<c> should i kiss the vipers fang<c> or herald loud the death of man<c> im sinking in the quicksand of my thought<c> and i aint got the power anymore<c> dont believe in yourself<c> dont deceive with belief<c> knowledge comes with deaths release<c> ah<c> ah
im not a prophet or a stone age man<c> just a mortal with potential of a superman<c> im living on<c> im tethered to the logic of homo sapien<c> cant take my eyes from the great salvation<c> of bullshit faith<c> if i dont explain what you ought to know<c> you can tell me all about it<c> on the next bardo<c> im sinking in the quicksand of my thought<c> and i aint got the power anymore<c> dont believe in yourself<c> dont deceive with belief<c> knowledge comes with deaths release<c> ah<c> ah
dont believe in yourself<c> dont deceive with belief<c> knowledge comes with deaths release<c> ah<c> ah12embedshare urlcopyembedcopy"
David Bowie,diamond dogs,"this aint rock n roll, this is genocide<c> as they pulled you out of the oxygen tent<c> you asked for the latest party<c> with your silicone hump and your ten inch stump<c> dressed like a priest you was<c> tod brownings freak you was<c> crawling down the alley on your hands and knee<c> im sure youre not protected, for its plain to see<c> the diamond dogs are poachers and they hide behind trees<c> hunt you to the ground they will, mannequins with kill appeal<c> will they come? ill keep a friend serene<c> will they come? oh baby, come on to me<c> will they come? well, shes come, been and gone<c> come out of the garden, baby<c> youll catch your death in the fog<c> young girl, they call them the diamond dogs<c> young girl, they call them the diamond dogs<c> the halloween jack is a real cool cat<c> and he lives on top of manhattan chase<c> the elevators broke, so he slides down a rope<c> onto the street below, oh tarzan, go man go<c> meet his little hussy with his ghost town approach<c> her face is sans feature, but she wears a dali brooch<c> sweetly reminiscent, something mother used to bake<c> wrecked up and paralysed, diamond dogs are stabilised<c> will they come? ill keep a friend serene<c> will they come? oh baby, come on to me<c> will they come? well, shes come, been and gone<c> come out of the garden, baby<c> youll catch your death in the fog<c> young girl, they call them the diamond dogs<c> young girl, they call them the diamond dogs<c> ooooooh call them the diamond dogs<c> ooooooh call them the diamond dogs<c> oh, hoo<c> ah ooh<c> in the year of the scavenger, the season of the bitch<c> sashay on the boardwalk, scurry to the ditch<c> just another future song, lonely little kitsch<c> theres gonna be sorrow try and wake up tomorrow<c> will they come? ill keep a friend serene<c> will they come? oh baby, come on to me<c> will they come? well, shes come, been and gone<c> come out of the garden, baby<c> youll catch your death in the fog<c> young girl, they call them the diamond dogs<c> young girl, they call them the diamond dogs<c> ooooooh, call them the diamond dogs<c> ooooooh, call them the diamond dogs<c> bowwow, woof woof, bowwow, wow<c> call them the diamond dogs<c> dogs<c> call them the diamond dogs, call them, they call them<c> call them the diamond dogs, call them, call them, ooh hoo<c> call them the diamond dogs<c> keep cool, diamond dogs rule, ok<c> hey hey hey hey<c> beware of the diamond dogs<c> beware of the diamond dogs<c> beware of the diamond dogs<c> beware of the diamond dogs8embedshare urlcopyembedcopy"
David Bowie,queen bitch,"im up on the eleventh floor<c> and im watching the cruisers below<c> hes down on the street<c> and hes trying hard to pull sister flo<c> oh, my hearts in the basement<c> my weekends at an all time low<c> cause shes hoping to score<c> so i cant see her letting him go<c> walk out of her heart, walk out of her mind<c> oh, not her<c> shes so swishy in her satin and tat<c> in her frock coat and bippertybopperty hat<c> oh god, i could do better than that<c> shes an oldtime ambassador<c> of sweet talking, night walking games<c> and shes known in the darkest clubs<c> for pushing ahead of the dames<c> if she says she can do it then she can do it<c> she dont make false claims<c> but shes a queen and such are queens<c> that your laughter is sucked in their brains<c> now shes leading him on<c> and shell lay him right down<c> yes, shes leading him on<c> and shell lay him right down<c> but it could have been me<c> yes, it could have been me<c> why didnt i say<c> why didnt i say, no, no, no<c> shes so swishy in her satin and tat<c> in her frock coat and bippertybopperty hat<c> oh god, i could do better than that<c> so i lay down a while<c> and i gaze at my hotel wall<c> oh, the cot is so cold<c> it dont feel like no bed at all<c> yeah, i lay down a while<c> and i look at my hotel wall<c> and hes down on the street<c> so i throw both his bags down the hall<c> and im phoning a cab<c> cause my stomach feels small<c> theres a taste in my mouth<c> and its no taste at all<c> it could have been me<c> oh yeah, it could have been me<c> why didnt i say<c> why didnt i say, no, no, no<c> shes so swishy in her satin and tat<c> in her frock coat and bippertybopperty hat<c> oh god, i could do better than that<c> ooh, you bet ya<c> oh yeah<c> uhhuh<c> mmm11embedshare urlcopyembedcopy"
David Bowie,im afraid of americans,"johnnys in america,<c> loteks at the wheel<c> no one needs anyone<c> they dont even just pretend<c> johnnys in america<c> im afraid of americans<c> im afraid of the world<c> im afraid i cant help it<c> im afraid i cant<c> im afraid of americans<c> im afraid of the world<c> im afraid i cant help it<c> im afraid i cant<c> im afraid of americans<c> johnnys in america<c> johnny wants a plane<c> johnny wants to suck on a coke<c> johnny wants a woman<c> johnny wants to think of a joke<c> johnnys in america<c> im afraid of americans<c> im afraid of the world<c> im afraid i cant help it<c> im afraid i cant<c> im afraid of americans<c> im afraid of the world<c> im afraid i cant help it<c> im afraid i cant<c> im afraid of americans<c> johnnys in america<c> johnnys in america<c> johnny looks up at the stars<c> johnny combs his hair and johnny wants pussy and cars<c> johnnys in america<c> johnnys in america<c> im afraid of americans<c> im afraid of the world<c> im afraid i cant help it<c> im afraid i cant<c> im afraid of americans<c> im afraid of the world<c> im afraid i cant help it<c> im afraid i cant<c> im afraid of americans<c> god is an american<c> god is an american<c> im afraid of americans<c> im afraid of the world<c> im afraid i cant help it<c> im afraid i cant<c> im afraid of americans<c> im afraid of the world<c> im afraid i cant help it<c> im afraid i cant<c> yeah, im afraid of americans<c> im afraid of the world<c> im afraid i cant help it<c> im afraid i cant<c> im afraid of americans<c> god is an american<c> god is an american<c> god is an american<c> god is an american<c> god is an american8embedshare urlcopyembedcopy"
David Bowie,golden years,"golden years, gold, whop, whop, whop<c> golden years, gold, whop, whop, whop<c> golden years, gold, whop, whop, whop<c> dont let me hear you say<c> lifes taking you nowhere, angel<c> come get up, my baby<c> look at that sky, lifes begun<c> nights are warm and the days are young<c> come get up, my baby<c> theres my baby, lost thats all<c> once im begging you save her little soul<c> golden years, gold, whop, whop, whop<c> come get up, my baby<c> last night they loved you<c> opening doors and pulling some strings, angel<c> come get up, my baby<c> in walked luck and you looked in time<c> never look back, walk tall, act fine<c> come get up, my baby<c> ill stick with you baby for a thousand years<c> nothings gonna touch you in these golden years<c> golden years<c> golden years, gold, whop, whop, whop<c> come get up, my baby<c> some of these days, and it wont be long<c> gonna drive back down where you once belonged<c> in the back of a dream car twenty foot long<c> come get up, my baby<c> dont cry my sweet, dont break my heart<c> doing all right, but you gotta get smart<c> wish upon, wish upon, day upon day<c> i believe, oh lord, i believe all the way<c> come get up, my baby<c> run for the shadows, run for the shadows<c> run for the shadows in these golden years<c> theres my baby, lost thats all<c> once im begging you save her little soul<c> golden years, gold, whop, whop, whop<c> come get up, my baby<c> dont let me hear you say lifes taking you nowhere, angel<c> come get up, my baby<c> run for the shadows, run for the shadows<c> run for the shadows in these golden years<c> ill stick with you baby for a thousand years<c> nothings gonna touch you in these golden years<c> golden years<c> golden years, gold, whop, whop, whop<c> golden years, gold, whop, whop, whop<c> golden years, gold, whop, whop, whop<c> golden years, gold, whop, whop, whop<c> golden years, gold, whop, whop, whop<c> golden years, gold, whop, whop, whop<c> golden years, gold, whop, whop, whop<c> golden years, gold, whop, whop, whop<c> golden years, gold, whop, whop, whop<c> golden years, gold, whop, whop, whop<c> golden years, gold, whop, whop, whop8embedshare urlcopyembedcopy"
David Bowie,scary monsters and super creeps,"she had an horror of rooms, she was tired, you cant hide beat<c> when i looked in her eyes, they were blue but nobody home<c> well, she couldve been a killer if she didnt walk the way she do<c> and she do<c> she opened strange doors that wed never close again<c> she began to wail jealousys scream<c> waiting at the lights, know what i mean<c> scary monsters, super creeps<c> keep me running, running scared<c> scary monsters, super creeps<c> keep me running, running scared<c> she asked me to stay and i stole her room<c> she asked for my love and i gave her a dangerous mind<c> now shes stupid in the street and she cant socialise<c> well, i love the little girl and ill love her till the day she dies<c> she wails jimmys guitar sound, jealousys scream<c> waiting at the lights, know what i mean<c> scary monsters, super creeps<c> keep me running, running scared<c> scary monsters and super creeps<c> keep me running, running scared<c> scary monsters and super creeps<c> keep me running, running scared<c> scary monsters and super creeps<c> keep me running, running scared<c> scary monsters and super creeps<c> keep me running, running scared<c> scary monsters and super creeps<c> keep me running, running scared8embedshare urlcopyembedcopy"
David Bowie,star,"tony went to fight in belfast<c> rudi stayed at home to starve<c> i could make it all worthwhile as a rock  roll star<c> bevan tried to change the nation<c> sonny wants to turn the world, well, he can tell you that he tried<c> i could make a transformation as a rock  roll star<c> so inviting  so enticing to play the part<c> i could play the wild mutation as a rock  roll star<c> i could do with the money you know that i could<c> im so wiped out with things as they are<c> you know that i could<c> id send my photograph to my honey<c> and id cmon like a regular superstar<c> i could make a transformation as a rock  roll star<c> so inviting  so enticing to play the part<c> i could play the wild mutation as a rock  roll star<c> get it on, yeah<c> i could do with the money you know that i could<c> im so wiped out with things as they are<c> you know that i could<c> id send my photograph to my honey<c> and id cmon like a regular superstar<c> i could fall asleep at night as a rock  roll star<c> i could fall in love all right as a rock  roll star<c> rock  roll star<c> rock  roll star<c> just watch me now2embedshare urlcopyembedcopy"
David Bowie,time,"time  hes waiting in the wings<c> he speaks of senseless things<c> his script is you and me, boy<c> time  he flexes like a whore<c> falls wanking to the floor<c> his trick is you and me, boy<c> time  in quaaludes and red wine<c> demanding billy dolls<c> and other friends of mine<c> take your time<c> the sniper in the brain<c> regurgitating drain<c> incestuous and vain<c> and many other last names<c> well, i look at my watch it says 9:25 and i think<c> oh god im still alive.<c> we should be on by now<c> we should be on by now<c> li, li, li, li, li, li, li, li, li, li<c> li, li, li, li, li, li, li, li, li, li<c> li, li, li, li, li, li, li, li, li, li<c> li, li, li, li, li, li, li, li, li, li<c> you  are not a victim<c> you  just scream with boredom<c> you  are not evicting time...<c> chimes  goddamn, youre looking old<c> youll freeze and catch a cold<c> cause youve left your coat behind<c> take your time<c> breaking up is hard<c> but keeping dark is hateful<c> i had so many dreams<c> i had so many breakthroughs<c> but you, my love, were kind<c> but love has left you dreamless<c> the door to dreams was closed<c> your park was real and dreamless<c> perhaps youre smiling now<c> smiling through this darkness<c> but all i have to give<c> is guilt for dreaming<c> we should be on by now<c> we should be on by now<c> we should be on by now<c> we should be on by now<c> we should be on by now<c> li, li, li, li, li, li, li, li<c> li, li, li, li, li, li, li, li, li<c> li, li, li, li, li, li, li, li<c> li, li, li, li, li, li, li, li, li<c> li, li, li, li, li, li, li, li<c> la, la, la, la, la, la, la, la, la<c> la, la, la, la, la, la, la, la<c> la, la, la, la, la, la, la, la, la<c> la, la, la, la, la, la, la, la<c> la, la, la, la, la, la, yes, time10embedshare urlcopyembedcopy"
David Bowie,hang on to yourself,"well, shes a tongue twisting storm<c> shell come to the show tonight<c> praying to the light machine<c> she wants my honey not my money<c> shes a funkythigh collector<c> laying on electric dreams<c> well, come on, come on<c> weve really got a good thing going<c> well, come on, well, come on<c> if you think were gonna make it you better hang on to yourself<c> we cant dance, we dont talk much, we just ball and play<c> but then we move like tigers on vaseline<c> well, the bitter comes out better on a stolen guitar<c> youre the blessed, were the spiders from mars<c> well, come on, come on<c> weve really got a good thing going<c> well, come on, well come on<c> if you think were gonna make it you better hang on to yourself<c> come on<c> lay it on<c> come on, come on<c> weve really got a good thing going<c> well, come on, well, come on<c> if you think were gonna make it you better hang on to yourself<c> well, come on, come on<c> weve really got a good thing going<c> well, come on, well, come on<c> if you think were gonna make it you better hang on to yourself<c> come on, ah, come on, ah, come on, ah, come on, ah<c> come on, ah, come on, ah, come on, ah, come on, ah<c> come on, ah, come on, ah, come on, ah, come on, ah<c> come on, ah, come on, ah, come on, ah, come on, ah4embedshare urlcopyembedcopy"
David Bowie,sweet thing,"its safe in the city<c> to love in a doorway<c> to wrangle some screams from the dawn<c> and isnt it me<c> putting pain in a stranger?<c> like a portrait in flesh, who trails on a leash<c> will you see that im scared and im lonely?<c> so ill break up my room, and yawn and i<c> run to the centre of things<c> where the knowing one says:<c> boys, boys, its a sweet thing<c> boys, boys, its a sweet thing, sweet thing<c> if you want it, boys, get it here, thing<c> for hope, boys, is a cheap thing, cheap thing<c> im glad that youre older than me<c> makes me feel important and free<c> does that make you smile, isnt that me?<c> im in your way, and ill steal every moment<c> if this trade is a curse, then ill bless you<c> and turn to the crossroads of hamburgers, and<c> boys, boys, its a sweet thing<c> boys, boys, its a sweet thing, sweet thing<c> if you want it, boys, get it here, thing<c> for hope, boys, is a cheap thing, cheap thing4embedshare urlcopyembedcopy"
David Bowie,it aint easy,"when you climb to the top of the mountain<c> look out over the sea<c> think about the places perhaps, where a young man could be<c> then you jump back down to the rooftops<c> look out over the town<c> think about all of the strange things circulating round<c> it aint easy, it aint easy<c> it aint easy to get to heaven when youre going down<c> well, all the people have got their problems<c> that aint nothing new<c> with the help of the good lord<c> we can all pull on through<c> we can all pull on through<c> get there in the end<c> sometimes itll take you right up and sometimes down again<c> it aint easy, it aint easy<c> it aint easy to get to heaven when youre going down<c> satisfaction, satisfaction<c> keep me satisfied<c> ive got the love of a hoochie koochie woman<c> she calling from inside<c> shes acalling from inside<c> trying to get to you<c> all the woman really wants<c> you can give her something too<c> it aint easy, it aint easy<c> it aint easy to get to heaven when youre going down<c> it aint easy, it aint easy<c> it aint easy to get to heaven when youre going down6embedshare urlcopyembedcopy"
David Bowie,cat people putting out fire,"see these eyes so green<c> i can stare for a thousand years<c> colder than the moon<c> its been so long<c> feel my blood enraged<c> its just the fear of losing you<c> dont you know my name?<c> and youve been so long<c> and ive been putting out fire<c> with gasoline<c> see these eyes so red<c> red like jungle burning bright<c> those who feel me near<c> pull the blinds and change their minds<c> its been so long<c> still this pulsing night<c> a plague i call a heartbeat<c> just be still with me<c> you wouldnt believe what ive been through<c> youve been so long<c> and its been so long<c> and ive been putting out the fire with gasoline<c> putting out the fire<c> with gasoline<c> see these tears so blue<c> an ageless heart that can never mend<c> these tears can never dry<c> a judgement made can never bend<c> see these eyes so green<c> i can stare for a thousand years<c> just be still with me<c> you wouldnt believe what ive been through<c> youve been so long<c> well, its been so long<c> and ive been putting out the fire with gasoline<c> putting out fire<c> with gasoline<c> been so long<c> been so long and its been so long<c> been so long ive been putting out fire<c> been so long its been so long<c> been so long been putting out fire<c> been so long its been so long<c> been so long putting out fire<c> been so long<c> been so long so long, so long<c> been so long so long, so long<c> been putting out fire been so long, so long, so long<c> been putting out fire been so long, so long, so long<c> been so long<c> been so long, so long, so long<c> been so long, so long so long<c> been putting out fire<c> been putting out fire<c> been so long<c> been so long<c> and ive been putting out fire<c> ive been putting out fire7embedshare urlcopyembedcopy"
David Bowie,the jean genie,"a small jean genie snuck off to the city<c> strung out on lasers and slash back blazers<c> and ate all your razors while pulling the waiters<c> talking bout monroe and walking on snow white<c> new yorks a gogo and everything tastes nice<c> poor little greenie<c> woohoo<c> get back one<c> the jean genie lives on his back<c> the jean genie loves chimney stacks<c> the jean genie hes outrageous, he screams and he bawls<c> the jean genie, let yourself go, oh<c> sits like a man, but he smiles like a reptile<c> she loves him, she loves him, but just for a short while<c> shell scratch in the sand, wont let go his hand<c> he says hes a beautician and sells you nutrition<c> and keeps all your dead hair for making up underwear<c> poor little greenie<c> the jean genie lives on his back<c> the jean genie loves chimney stacks<c> the jean genie hes outrageous, he screams and he bawls<c> the jean genie, let yourself go, whoaoh<c> hes so simple minded, he cant drive his module<c> he bites on the neon and sleeps in the capsule<c> loves to be loved<c> loves to be loved<c> woohoo<c> woohoo<c> oh, the jean genie lives on his back<c> the jean genie loves chimney stacks<c> the jean genie hes outrageous, he screams and he bawls<c> the jean genie, let yourself go, oh<c> go<c> go<c> the jean genie lives on his back<c> the jean genie loves chimney stacks<c> the jean genie hes outrageous, he screams and he bawls<c> the jean genie, let yourself go, oh<c> go<c> go, go<c> 3embedshare urlcopyembedcopy"
David Bowie,love is lost,"its the darkest hour, youre twentytwo<c> the voice of youth, the hour of dread<c> its the darkest hour, and your voice is new<c> love is lost, lost is love<c> your countrys new, your friends are new<c> your house, and even your eyes are new<c> your maid is new, and your accent, too<c> but your fear is as old as the world<c> say goodbye to the thrills of life<c> when love was good, no love was bad<c> wave goodbye to the life without pain<c> say hello, youre a beautiful girl<c> say hello to the lunatic men<c> tell them your secrets, theyre like the grave<c> oh, what have you done? oh, what have you done?<c> love is lost, lost is love<c> you know so much, its making you cry<c> you refuse to talk, but you think like mad<c> youve cut out your soul and the face of thought<c> oh, what have you done? oh, what have you done?<c> oh, what have you done? oh, what have you done?4embedshare urlcopyembedcopy"
David Bowie,where are we now?,"had to get the train<c> from potsdamer platz<c> you never knew that<c> that i could do that<c> just walking the dead<c> sitting in the dschungel<c> on nrnberger strasse<c> a man lost in time near kadewe<c> just walking the dead<c> where are we now?<c> where are we now?<c> the moment you know<c> you know, you know<c> twenty thousand people<c> cross bsebrcke<c> fingers are crossed<c> just in case<c> walking the dead<c> where are we now?<c> where are we now?<c> the moment you know<c> you know, you know<c> as long as theres sun<c> as long as theres sun<c> as long as theres rain<c> as long as theres rain<c> as long as theres fire<c> as long as theres fire<c> as long as theres me<c> as long as theres you1embedshare urlcopyembedcopy"
David Bowie,the stars are out tonight,"stars are never sleeping<c> dead ones and the living<c> we live closer to the earth<c> never to the heavens<c> the stars are never far away<c> the stars are out tonight<c> they watch us from behind their shades<c> brigitte jack and kate and brad<c> from behind their tinted window stretch<c> gleaming like blackened sunshine<c> stars are never sleeping<c> dead ones and the living<c> waiting for the first move<c> satyrs and their child wives<c> waiting for the last move<c> soaking up our primitive world<c> stars are never sleeping<c> dead ones and the living<c> their jealousys spilling down<c> the stars must stick together<c> we will never be rid of these stars<c> but i hope they live forever<c> and they know just we do<c> that we toss and turn at night<c> theyre waiting to make their moves<c> but the stars are out tonight<c> here they are upon the stairs<c> sexless and unaroused<c> they are stars, theyre dying for you<c> but i hope they live forever<c> they burn you with their radiant smiles<c> trap you with their beautiful eyes<c> theyre broke and shamed or drunk or scared<c> but i hope they live forever<c> their jealousys spilling down<c> the stars must stick together<c> we will never be rid of these stars<c> but i hope they live forever<c> and they know just what we do<c> that we toss and turn at night<c> theyre waiting to make their moves on us<c> but the stars are out tonight<c> the stars are out tonight<c> the stars are out tonight4embedshare urlcopyembedcopy"
David Bowie,andy warhol,"like to take a cement fix<c> be a standing cinema<c> dress my friends up just for show<c> see them as they really are<c> put a peephole in my brain<c> two new pence to have a go<c> id like to be a gallery<c> put you all inside my show<c> andy warhol looks a scream<c> hang him on my wall<c> andy warhol, silver screen<c> cant tell them apart at all<c> andy walking, andy tired<c> andy take a little snooze<c> tie him up when hes fast asleep<c> send him on a pleasant cruise<c> when he wakes up on the sea<c> be sure to think of me and you<c> hell think about paint<c> and hell think about glue<c> what a jolly boring thing to do<c> andy warhol looks a scream<c> hang him on my wall<c> andy warhol, silver screen<c> cant tell them apart at all<c> andy warhol looks a scream<c> hang him on my wall<c> andy warhol, silver screen<c> cant tell them apart at all4embedshare urlcopyembedcopy"
David Bowie,the bewlay brothers,"and so the story goes, they wore the clothes<c> they said the things to make it seem improbable<c> the whale of a lie like the hope it was<c> and the goodmen tomorrow<c> had their feet in the wallow<c> and their heads of brawn were nicely shorn<c> and how they bought their positions with saccharin and trust<c> and the world was asleep to our latent fuss<c> sighing they swirl through the streets like the crust of the sun<c> the bewlay brothers<c> in our wings that bark<c> flashing teeth of brass<c> standing tall in the dark<c> oh, and we were gone<c> hanging out with your dwarf men<c> we were so turned on<c> by your lack of conclusions<c> i was stone and he was wax<c> so he could scream and still relax<c> unbelievable<c> and we frightened the small children away<c> and our talk was old and dust would flow<c> thru our veins and lo it was midnight back at the kitchen door<c> like the grim face on the cathedral floor<c> and the solid book we wrote cannot be found today<c> and it was stalking time for the moonboys<c> the bewlay brothers<c> with our backs on the arch<c> and the devil may be here<c> but he cant sing about that<c> oh, and we were gone<c> real cool traders<c> we were so turned on<c> you thought we were fakers<c> now the dress is hung, the ticket pawned<c> the factor max that proved the fact is melted down<c> and woven on the edging of my pillow<c> and my brother lays upon the rocks<c> he could be dead, he could be not, he could be you<c> hes chameleon, comedian, corinthian and caricature<c> shooting up pieinthesky<c> the bewlay brothers<c> in the feeble and the bad<c> the bewlay brothers<c> in the blessed and cold<c> in the crutchhungry dark<c> was where we flayed our mark<c> oh, and we were gone<c> kings of oblivion<c> we were so turned on<c> in the mindwarp pavilion<c> lay me place and bake me pie<c> im starving for me gravy<c> leave my shoes, and door unlocked<c> i might just slip away, hey<c> just for the day, hey<c> please come away, hey<c> just for the day, hey<c> please come away, hey3embedshare urlcopyembedcopy"
