Artist,title,lyrics
Lana Del Rey,fingertips,"when i look back, tracing fingertips over plastic bags<c> thinking, i wish i could extrapolate somesmallintention<c> or maybe justget your attention for a minuteor two
<c> will i die? or will i get to that tenyear mark?<c> where i beat the extinction of telomeres?<c> and if i do, will you be there with me, father, sister, brother?
<c> charlie, stop smoking<c> caroline, will you be with me?<c> will the baby be alright?<c> will i have one of mine?<c> can i handle it even if i do?<c> its said that my mind<c> is not fit, or so they said, to carry a child<c> i guess ill be fine<c> it wasnt my idea, the cocktail of things that twists neurons inside<c> but without them, id die<c> they say theres irony in the music, its a tragedy, i<c> see nothing greek in it<c> give me a mausoleum in rhode island with dad, grandma, grandpa, and dave<c> who hung himself real high<c> in the national park sky, its a shame and im crying right now<c> to get to you, save you, if i take my life<c> find your astral body, put it into my arms<c> give you two seconds to cry<c> take you home, i, ill give you a blanket<c> your spirit can sit and watch tv by my side
cause, baby, i<c> ran through a time when i felt you were doing it<c> i couldnt handle it, i was in monaco<c> i couldnt hear what they said on the telephone<c> i had to sing for the prince in two hours<c> sat in the shower<c> gave myself two seconds to cry<c> its a shame that we die<c> when i was fifteen, naked, nextdoor neighbors did a driveby<c> pulled me up by my waist, long hair to the beach side<c> i wanted to go out like you, swim with the fishes<c> that he caught on rhode island beaches<c> but, sometimes, its just not your time<c> caroline, what kind of mother was she to say id end up in institutions?<c> all i wanted to do was kiss aaron greene and sit by<c> the lake, twisting lime into the drinks that they made<c> have a babe at sixteen in the town i was born in, and die<c> aaron ended up dead and not me<c> what the fucks wrong in your head to send me away, never to come back?<c> exotic places and people dont take the place of being your child<c> i give myself two seconds to cry<c> let it crash over me<c> like the waves in the sea<c> call me aphrodite, as they bow down to me<c> sunbather, moon chaser, queen of empathy<c> i give myself two seconds to breathe<c> and go back to being a serene queen<c> i just needed two seconds to be me"
Lana Del Rey,brooklyn baby,"dadadadadadada<c> dadadadadadada<c> dadadadadadada<c> they say im too young to love you<c> i dont know what i need<c> they think i dont understand<c> the freedom land of the seventies<c> i think im too cool to know ya<c> you say im like the ice, i freeze<c> im churning out novels like<c> beat poetry on amphetamines<c> i say<c> i say<c> well, my boyfriends in a band<c> he plays guitar while i sing lou reed<c> ive got feathers in my hair<c> i get down to beat poetry<c> and my jazz collections rare<c> i can play most anything<c> im a brooklyn baby<c> im a brooklyn baby<c> dadadadadada<c> dadadadadayada<c> padadadadadada<c> they say im too young to love you<c> they say im too dumb to see<c> they judge me like a picture book<c> by the colors, like they forgot to read<c> i think were like fire and water<c> i think were like the wind and sea<c> youre burning up, im cooling down<c> youre up, im down<c> youre blind, i see<c> but im free, ooh<c> im free<c> well, my boyfriends in a band<c> he plays guitar while i sing lou reed<c> ive got feathers in my hair<c> i get down to beat poetry<c> and my jazz collections rare<c> i can play most anything<c> im a brooklyn baby<c> im a brooklyn baby<c> im talking bout my generation<c> im talking bout my newer nation<c> and if you dont like it, you can beat it<c> beat it, baby<c> you never liked the way i said it<c> if you dont get it, then forget
cause i dont have to fucking explain it<c> and my boyfriends in a band<c> he plays guitar while i sing lou reed<c> ive got feathers in my hair<c> i get high on hydroponic weed<c> and my jazz collections rare<c> i get down to beat poetry<c> im a brooklyn baby<c> im a brooklyn baby<c> padapapa, padeda<c> tedede, dadaah<c> ooh, oh, woahah<c> yeah, my boyfriends pretty cool<c> but hes not as cool as me
cause im a brooklyn baby<c> im a brooklyn baby<c> padadadadadada<c> dadadadada, baby<c> ahtadadadada<c> dadadada, baby<c> padadadadada<c> papadapada, yeah<c> yeah, yeah"
Lana Del Rey,diet mountain dew,"youre no good for me<c> baby, youre no good for me<c> youre no good for me<c> but, baby, i want you, i want<c> diet mountain dew, baby, new york city<c> never was there ever a girl so pretty<c> do you think well be in love forever?<c> do you think well be in love?<c> diet mountain dew, baby, new york city<c> can we hit it now, lowdown and gritty?<c> do you think well be in love forever?<c> do you think well be in love?
<c> baby, put on heartshaped sunglasses
cause we gonna take a ride<c> im not gonna listen to what the past says<c> i been waitin up all night<c> take another drag, turn me to ashes<c> ready for another lie?<c> says hes gonna teach me just what fast is<c> say its gonna be alright<c> diet mountain dew, baby, new york city<c> never was there ever a girl so pretty<c> do you think well be in love forever?<c> do you think well be in love?<c> diet mountain dew, baby, new york city<c> can we hit it now, lowdown and gritty?<c> do you think well be in love forever?<c> do you think well be in love?
<c> lets take jesus off the dashboard<c> got enough on his mind<c> we both know just what were here for<c> saved too many times<c> maybe i like this roller coaster<c> maybe it keeps me high<c> maybe the speed, it brings me closer<c> i could sparkle up your eye<c> diet mountain dew, baby, new york city<c> never was there ever a girl so pretty<c> do you think well be in love forever?<c> do you think well be in love?<c> diet mountain dew, baby, new york city<c> can we hit it now, lowdown and gritty?<c> do you think well be in love forever?<c> do you think well be in love?<c> youre no good for me<c> baby, youre no good for me<c> youre no good for me<c> but, baby, i want you, i want you<c> youre no good for me<c> baby, youre no good for me<c> youre no good for me<c> but, baby, i want you, i want you, i want you<c> diet mountain dew, baby, new york city<c> never was there ever a girl so pretty<c> do you think well be in love forever?<c> do you think well be in love?<c> baby stoppin at 7eleven<c> there in his white pontiac heaven<c> do you think well be in love forever?<c> do you think well be in love?<c> diet mountain dew, baby, new york city<c> never was there ever a girl so pretty<c> do you think well be in love forever?<c> do you think well be in love?<c> diet mountain dew, baby, new york city<c> can we hit it now, lowdown and gritty?<c> do you think well be in love forever?<c> do you think well be in love?
<c> youre no good for me<c> baby, youre no good for me<c> youre no good for me<c> but, baby, i want you, i want<c> youre no good for me<c> baby, youre no good for me<c> youre no good for me<c> but, baby, i want you, i want<c> youre no good for me<c> baby, youre no good for me<c> youre no good for me<c> but, baby, i want you, i want"
Lana Del Rey,happiness is a butterfly,"do you want me or do you not?<c> i heard one thing, now im hearing another<c> dropped a pin to my parking spot<c> the bar was hot, its 2 am, it feels like summer<c> happiness is a butterfly<c> try to catch it, like, every night<c> it escapes from my hands into moonlight<c> every day is a lullaby<c> hum it on the phone, like, every night<c> sing it for my babies on the tour life, ah<c> if hes a serial killer, then whats the worst<c> that can happen to a girl whos already hurt?<c> im already hurt<c> if hes as bad as they say, then i guess im cursed<c> looking into his eyes, i think hes already hurt<c> hes already hurt<c> i said, dont be a jerk, dont call me a taxi<c> sitting in your sweatshirt, crying in the backseat, ooh<c> i just wanna dance with you<c> hollywood and vine, black rabbit in the alley<c> i just wanna hold you tight down the avenue<c> i just wanna dance with you<c> i just wanna dance with you<c> baby, i just wanna dance<c> with you<c> baby, i just wanna dance<c> with you<c> left the canyon, drove to the club<c> i was one thing, now im being another<c> laurel down to sunset in the truck<c> ill pick you up if youre in town on the corner, ah<c> happiness is a butterfly<c> we should catch it while dancing<c> i lose myself in the music, baby<c> every day is a lullaby<c> try to catch it like lightning<c> i sing it into my music, im crazy<c> if hes a serial killer, then whats the worst<c> that can happen to a girl whos already hurt?<c> im already hurt<c> if hes as bad as they say, then i guess im cursed<c> looking into his eyes, i think hes already hurt<c> hes already hurt<c> i said, dont be a jerk, dont call me a taxi<c> sitting in your sweatshirt, crying in the backseat, ooh<c> i just wanna dance with you<c> hollywood and vine, black rabbit in the alley<c> i just wanna hold you tight down the avenue<c> i just wanna dance with you<c> i just wanna dance with you<c> baby, i just wanna dance<c> with you<c> baby, i just wanna dance<c> with you"
Lana Del Rey,love song,"in the car, in the car, in the backseat, im your baby<c> we go fast, we go so fast, we dont move<c> i believe in a place you take me<c> make you real proud of your baby<c> in your car, im a star and im burnin through you<c> in your car, im a star and im burnin through you<c> oh, be my once in a lifetime<c> lyin on your chest in my party dress<c> im a fuckin mess, but i<c> oh, thanks for the high life<c> baby, its the best, passed the test and yes<c> now im here with you, and i<c> would like to think that you would stick around<c> you know that id just die to make you proud<c> the taste, the touch, the way we love<c> it all comes down to make the sound of our love song<c> dream a dream, heres a scene<c> touch me anywhere cause im your baby<c> grab my waist, dont waste any part<c> i believe that you see me for who i am<c> so spill my clothes on the floor of your new car<c> is it safe, is it safe to just be who we are?<c> is it safe, is it safe to just be who we are?<c> oh, be my once in a lifetime<c> lyin on your chest in my party dress<c> im a fuckin mess, but i<c> oh, thanks for the high life<c> baby, its the best, passed the test and yes<c> now im here with you, and i<c> would like to think that you would stick around<c> you know that id just die to make you proud<c> the taste, the touch, the way we love<c> it all comes down to make the sound of our love song<c> the taste, the touch, the way we love<c> it all comes down to make the sound of our love song"
Lana Del Rey,blue jeans,"blue jeans, white shirt<c> walked into the room, you know you made my eyes burn<c> it was like james dean for sure<c> youre so fresh to death and sick as cacancer<c> you were sorta punk rock, i grew up on hiphop<c> but you fit me better than my favorite sweater<c> and i know that love is mean  and love hurts<c> but i still remember that day we met in december, oh, baby<c> i will love you til the end of time<c> i would wait a million years<c> promise youll remember that youre mine<c> baby, can you see through the tears?<c> love you more than those bitches before<c> say youll remember<c> say youll remember<c> ooh, i will love you til the end of time<c> big dreams, gangsta<c> said you had to leave to start your life over<c> i was like, no, please, stay here<c> we dont need no money, we could make it all work<c> but he headed out on sunday, said hed come home monday<c> i stayed up waiting, anticipatin and pacing<c> but he was chasin  paper<c> caught up in the game, that was the last i heard<c> i will love you til the end of time<c> i would wait a million years<c> promise youll remember that youre mine<c> baby, can you see through the tears?<c> love you more than those bitches before<c> say youll remember<c> say youll remember<c> ooh, i will love you til the end of time<c> you went out every night and, baby, thats alright<c> i told you that, no matter what you did, id be by your side
cause im a ride or die whether you fail or fly<c> well, shit, at least you tried<c> but when you walked out that door, a piece of me died<c> told you i wanted more, thats not what i had in mind<c> i just want it like before, we were dancin all night<c> then they took you away, stole you out of my life<c> you just need to remember<c> i will love you til the end of time<c> i would wait a million years<c> promise youll remember that youre mine<c> baby, can you see through the tears?<c> love you more than those bitches before<c> say youll remember<c> say youll remember<c> ooh, i will love you til the end of time"
Lana Del Rey,dark paradise,"all my friends tell me  i should move on<c> im lyin in the ocean, singin your song
ah, thats how you sang it<c> lovin you forever cant be wrong<c> even though youre not here, wont move on
ah, thats how we played it<c> and theres no remedy for memory<c> your face is like a melody<c> it wont leave my head<c> your soul is hauntin me<c> and tellin me that everything is fine<c> but i wish i was dead
<c> every time i close my eyes<c> its like a dark paradise<c> no one compares to you<c> im scared that you wont be waiting on the other side<c> every time i close my eyes<c> its like a dark paradise<c> no one compares to you<c> im scared that you wont be waiting on the other side<c> all my friends ask me why i stay strong<c> tell em, when you find true love, it lives on<c> ah, thats why i stay here<c> and theres no remedy for memory<c> your face is like a melody<c> it wont leave my head<c> your soul is hauntin me<c> and tellin me that everything is fine<c> but i wish i was dead
<c> every time i close my eyes<c> its like a dark paradise<c> no one compares to you<c> im scared that you wont be waiting on the other side<c> every time i close my eyes<c> its like a dark paradise<c> no one compares to you<c> but theres no you, except in my dreams tonight<c> ohohohoh, hahahaha<c> i dont wanna wake up from this tonight<c> ohohohoh, hahahaha<c> i dont wanna wake up from this tonight<c> theres no relief, i see you in my sleep<c> and everybodys rushin me<c> but i can feel you touchin me<c> theres no release, i feel you in my dreams<c> tellin me im fine<c> every time i close my eyes<c> its like a dark paradise<c> no one compares to you<c> im scared that you wont be waiting on the other side<c> every time i close my eyes<c> its like a dark paradise<c> no one compares to you<c> but theres no you, except in my dreams tonight<c> ohohohoh, hahahaha<c> i dont wanna wake up from this tonight<c> ohohohoh, hahahaha<c> i dont wanna wake up from this tonight"
Lana Del Rey,hope is a dangerous thing for a woman like me but i have it,"i was reading slim aarons and i got to thinking that i thought<c> maybe id get less stressed if i was tested less like<c> all of these debutantes<c> smiling for miles in pink dresses and high heels on white yachts<c> but im not, baby, im not<c> no, im not, that, im not<c> ive been tearing around in my fucking nightgown<c> 247 sylvia plath<c> writing in blood on my walls
cause the ink in my pen dont work in my notepad<c> dont ask if im happy, you know that im not<c> but at best, i can say im not sad
cause hope is a dangerous thing for a woman like me to have<c> hope is a dangerous thing for a woman like me to have<c> i had 15year dances<c> church basement romances, yeah, ive cried<c> spilling my guts with the bowery bums<c> is the only love ive ever known<c> except for the stage, which i also call home, when im not<c> servin up god in a burnt coffee pot for the triad<c> hello, its the most famous woman you know on the ipad<c> calling from beyond the grave, i just wanna say, hi, dad<c> ive been tearing up town in my fucking white gown<c> like a goddamn near sociopath<c> shaking my ass is the only thing thats<c> got this black narcissist off my back<c> she couldnt care less, and i never cared more<c> so theres no more to say about that<c> except hope is a dangerous thing for a woman like me to have<c> hope is a dangerous thing for a woman with my past<c> theres a new revolution, a loud evolution that i saw<c> born of confusion and quiet collusion of which mostly ive known<c> a modern day woman with a weak constitution, cause ive got<c> monsters still under my bed that i could never fight off<c> a gatekeeper carelessly dropping the keys on my nights off<c> ive been tearing around in my fucking nightgown<c> 247 sylvia plath<c> writing in blood on your walls
cause the ink in my pen dont look good in my pad<c> they write that im happy, they know that im not<c> but at best, you can see im not sad<c> but hope is a dangerous thing for a woman like me to have<c> hope is a dangerous thing for a woman like me to have<c> hope is a dangerous thing for a woman like me to have<c> but i have it<c> yeah, i have it<c> yeah, i have it<c> i have"
Lana Del Rey,national anthem,"money is the anthem of success<c> so before we go out, whats your address?
<c> im your national anthem<c> god, youre so handsome<c> take me to the hamptons, bugatti veyron<c> he loves to romance em<c> reckless abandon<c> holdin me for ransom, upper echelon<c> he says to be cool, but i dont know how yet<c> wind in my hair, hand on the back of my neck<c> i said, can we party later on? he said, yes
<c> tell me im your national anthem<c> tell me im your national anthem<c> red, white, blue is in the sky<c> summers in the air and, baby, heavens in your eyes<c> im your national anthem<c> money is the reason we exist<c> everybody knows it, its a fact
<c> i sing the national anthem<c> while i am standin over your body<c> hold you like a python<c> and you cant keep your hands off me or your pants on<c> see what youve done to me, king of chevron?<c> he said to be cool, but im already coolest<c> i said to get real, dont you know who youre dealin with?<c> um, do you think youll buy me lots of diamonds?
<c> tell me im your national anthem<c> tell me im your national anthem<c> red, white, blue is in the sky<c> summers in the air and, baby, heavens in your eyes<c> im your national anthem<c> its a love story for the new age<c> for the sixth page<c> were on a quick, sick rampage<c> winin and dinin, drinkin and drivin<c> excessive buyin, overdose and dyin<c> on our drugs and our love and our dreams and our rage<c> blurring the lines between real and the fake<c> dark and lonely, i need somebody to hold me<c> he will do very well, i can tell, i can tell<c> keep me safe in his belltower hotel<c> money is the anthem of success<c> so put on mascara and your party dress<c> im your national anthem<c> boy, put your hands up<c> give me a standin ovation<c> boy, you have landed<c> babe, in the land of<c> sweetness and danger, queen of saigon<c> tell me im your national anthem<c> tell me im your national anthem<c> red, white, blue is in the sky<c> summers in the air and, baby, heavens in your eyes<c> im your national anthem<c> money is the anthem<c> god, youre so handsome<c> money is the anthem of success<c> money is the anthem<c> god, youre so handsome<c> money is the anthem of success<c> money is the anthem<c> god, youre so handsome<c> money is the anthem of success<c> money is the anthem<c> god, youre so handsome<c> money is the anthem of success"
Lana Del Rey,ultraviolence,"he used to call me dn<c> that stood for deadly nightshade
cause i was filled with poison<c> but blessed with beauty and rage<c> jim told me that, he hit me and it felt like a kiss<c> jim brought me back, reminded me of when we were kids<c> with his ultraviolence<c> ultraviolence
ultraviolence<c> ultraviolence
i can hear sirens, sirens<c> he hit me and it felt like a kiss<c> i can hear violins, violins<c> give me all of that ultraviolence<c> he used to call me poison<c> like i was poison ivy<c> i could have died right there
cause he was right beside me<c> jim raised me up, he hurt me but it felt like true love<c> jim taught me that, loving him was never enough<c> with his ultraviolence<c> ultraviolence
ultraviolence<c> ultraviolence
i can hear sirens, sirens<c> he hit me and it felt like a kiss<c> i can hear violins, violins<c> give me all of that ultraviolence<c> we could go back to new york<c> loving you was really hard<c> we could go back to woodstock<c> where they dont know who we are<c> heaven is on earth<c> i would do anything for you, baby<c> blessed is this union<c> crying tears of gold like lemonade<c> i love you the first time, i love you the last time<c> yo soy la princesa, comprende mis white lines
cause im your jazz singer and youre my cult leader<c> i love you forever, i love you forever<c> with his ultraviolence<c> ultraviolence
ultraviolence<c> ultraviolence
i can hear sirens, sirens<c> he hit me and it felt like a kiss<c> i can hear violins, violins<c> give me all of that ultraviolence"
Lana Del Rey,heroin,"topanga is hot tonight, the city by the bay<c> has movie stars and liquor stores and soft decay<c> the rumblin from distant shores sends me to sleep<c> but the facts of life can, sometimes, make it hard to dream<c> life rocked me like mtley<c> grabbed me by the ribbons in my hair<c> life rocked me ultra softly<c> like the heavy metal that you wear<c> im flyin to the moon again, dreamin about heroin<c> how it gave you everythin and took your life away<c> i put you on an aeroplane destined for a foreign land<c> i hoped that youd come back again and tell me everythings okay<c> ayy, babe, yeah<c> topangas hot today, mansons in the air<c> and all my friends have gone, cause they still feel him here<c> i wanna leave, ill probably stay another year<c> its hard to leave when absolutely nothings clear<c> life rocked me like mtley<c> bad beginnin to my new year<c> life rocked me ultra softly<c> like the heavy metal that you hear<c> im flyin to the moon again, dreamin about heroin<c> and how it gave you everythin, then took your life away<c> i put you on the aeroplane destined for a foreign land<c> i thought that youd come back again to tell me everythings okay<c> babe, babe, yeah
 winter in the city<c> somethin bout this weather made these kids go crazy
 even for february<c> somethin bout this sun has made these kids get scary<c> oh, writin in blood on my walls and shit<c> like, ah, oh my god<c> jumpin off from the walls into the docks and shit<c> oh, hohoho, id be lyin if i said i wasnt sick of it<c> baby , come on , come on
<c> im flyin to the moon again, dreamin about marzipan<c> takin all my medicine to take my thoughts away<c> im gettin on that aeroplane, leavin my old man again<c> i hope that i come back one day to tell you that i really changed<c> baby
 somethin bout the city<c> dont know what it is, it makes my head get crazy<c> oh, makes me feel like i can change<c> oh, hohoho, all of my evil ways and shit<c> mmm, mmm, mmm<c> id be lying if i said i wasnt sick of it"
Lana Del Rey,lust for life,"oh<c> climb up the h of the hollywood sign<c> in these stolen moments, the world is mine<c> theres nobody here, just us together<c> keepin me hot like july forever
cause were the masters of our own fate<c> were the captains of our own souls<c> theres no way for us to come late
cause, boy, were gold, boy, were gold<c> and i was like<c> take off, take off, take off all your clothes<c> take off, take off, take off all your clothes<c> take off, take off, take off all of your clothes<c> they say only the good die young<c> that just aint right
cause were having too much fun<c> too much fun tonight, yeah<c> and a lust for life<c> and a lust for life<c> keeps us alive<c> keeps us alive<c> and a lust for life<c> and a lust for life<c> keeps us alive<c> keeps us alive
<c> we dance on the h of the hollywood sign
til we run out of breath, gotta dance til we die<c> my boyfriends back  and hes cooler than ever<c> theres no more night, blue skies forever
cause were the masters of our own fate<c> were the captains of our own souls<c> so theres no need for us to hesitate<c> were all alone, lets take control<c> and i was like<c> take off, take off, take off all your clothes<c> take off, take off, take off all your clothes<c> take off, take off, take off all of your clothes<c> they say only the good die young<c> that just aint right
cause were havin too much fun<c> too much fun tonight, yeah<c> and a lust for life<c> and a lust for life<c> keeps us alive<c> keeps us alive<c> and a lust for life<c> and a lust for life<c> keeps us alive<c> keeps us alive<c> oh
my boyfriends back and hes cooler than ever<c> theres no more night, blue skies forever<c> i told you twice in our love letter<c> theres no stopping now, green lights forever<c> and i was like<c> take off, take off, take off all your clothes<c> take off, take off, take off all your clothes<c> take off, take off, take off all of your clothes<c> and a lust for life<c> and a lust for life<c> keeps us alive<c> keeps us alive<c> and a lust for life<c> and a lust for life<c> keeps us alive<c> keeps us alive<c> oh"
Lana Del Rey,radio,"not even they can stop me now<c> boy, i be flyin overhead<c> their heavy words cant bring me down<c> boy, ive been raised from the dead<c> no one even knows how hard life was<c> i dont even think about it now because<c> i finally found you<c> oh, sing it to me<c> now my life is sweet like cinnamon<c> like a fucking dream im livin in<c> baby, love me cause im playin on the radio<c> how do you like me now?<c> pick me up and take me like a vitamin
cause my bodys sweet like sugar venom, oh, yeah<c> baby, love me cause im playin on the radio<c> how do you like me now?
<c> american dreams came true somehow<c> i swore id chase em til i was dead<c> i heard the streets were paved with gold<c> thats what my father said<c> no one even knows what life was like<c> now im in l.a. and its paradise<c> i finally found you<c> oh, sing it to me<c> now my life is sweet like cinnamon<c> like a fucking dream im livin in<c> baby, love me cause im playin on the radio<c> how do you like me now?<c> pick me up and take me like a vitamin
cause my bodys sweet like sugar venom, oh, yeah<c> baby, love me cause im playin on the radio<c> how do you like me now?
<c> sweet like cinnamon<c> like a fucking dream im livin in<c> baby, love me cause im playin on the radio<c> how do you like me now?<c> sweet like cinnamon<c> like a fucking dream im livin in<c> i finally found you<c> oh, sing it to me<c> now my life is sweet like cinnamon<c> like a fucking dream im livin in<c> baby, love me cause im playin on the radio<c> how do you like me now?<c> pick me up and take me like a vitamin
cause my bodys sweet like sugar venom, oh, yeah<c> baby, love me cause im playin on the radio<c> how do you like me now?<c> now my life is sweet like cinnamon<c> like a fucking dream im livin in<c> baby, love me cause im playin on the radio<c> how do you like me now?<c> pick me up and take me like a vitamin
cause my bodys sweet like sugar venom, oh, yeah<c> baby, love me cause im playin on the radio<c> how do you like me now?"
Lana Del Rey,let the light in,"pick you up at home, quarter to three<c> ask you if you want somethin to eat<c> drive around, get drunk, do it over again<c> wake you up at night, quarter to one<c> i can never stop, wanna have fun<c> dont be actin like im the kinda girl who can sleep
cause every time you say youre gonna go<c> i just smile, cause, babe, i already know<c> you know i got nothin under this overcoat<c> ooh, let the light in<c> at your back door yelling cause i wanna come in<c> ooh, turn your light on<c> look at us, you and i, back at it again<c> pick you up around quarter to two<c> usually we got nothin to do<c> screw it, maybe you should go and record some of your songs<c> got my dress on tight cause you know that i<c> look shinin in the light, thers so much ridin<c> on this life and how we write a lov song<c> ooh, let the light in<c> at your back door yelling cause i wanna come in<c> ooh, turn your light on<c> look at us, you and i, back at it again
cause i love to love, to love, to love you<c> i hate to hate, to hate, to hate you<c> put the beatles on, light the candles, go back to bed
cause i wanna, wanna, wanna want you<c> i need to, need to, need to need you<c> put the tv on, the flowers in a vase, lie your head<c> ooh, let the light in<c> at your back door yelling cause i wanna come in<c> ooh, turn your light on<c> look at us, you and me, back at it again"
Lana Del Rey,meet me in the pale moonlight,"understand this, im not looking for true love tonight<c> if you wanna be my little baby<c> you can meet me in the pale moonlight<c> i been workin every day 8 to 9 and<c> serving coke and fries at the movie blue drivein<c> if you want me, you know where to find me<c> i can be your one time baby<c> i can be your little dairy queen<c> i dont wanna care tonight, i dont wanna fight<c> you dont have to give me anything<c> just put your sweet kiss, kiss on my lips now, baby<c> understand this, i been likin you since i was small<c> i dont wanna get you runnin scared<c> when theres no pressure there at all<c> i been workin 8 to 9 every day<c> and think about you almost all the time, all the time and<c> if i wanna see you, i drive by<c> i can be your one time baby<c> i can be your little dairy queen<c> i dont wanna care tonight, i dont wanna fight<c> you dont have to give me anything<c> just put your sweet kiss, kiss on my lips now, baby<c> im the sweetest girl in town so why are you so mean?<c> when you gonna ditch that stupid  you got?<c> its me you should be seein
<c> hellooo you are lookin so fine, so fine<c> fantasy about yous like a gold mine, gold mine<c> askin everybody, is he mine? is he mine?<c> not quite yet, but im gonna getget him<c> not quite yet, but im gonna getget him<c> i can be your one time baby<c> i can be your little dairy queen<c> i dont wanna care tonight, i dont wanna fight<c> you dont have to give me anything<c> just put your sweet kiss, kiss on my lips now, baby"
Lana Del Rey,summertime sadness,"kiss me hard before you go<c> summertime sadness<c> i just wanted you to know<c> that, baby, you the best<c> i got my red dress on tonight<c> dancin in the dark, in the pale moonlight<c> done my hair up real big, beauty queen style<c> high heels off, im feelin alive<c> oh my god, i feel it in the air<c> telephone wires above are sizzlin like a snare<c> honey, im on fire, i feel it everywhere<c> nothin scares me anymore
<c> kiss me hard before you go<c> summertime sadness<c> i just wanted you to know<c> that, baby, you the best<c> i got that summertime, summertime sadness<c> sususummertime, summertime sadness<c> got that summertime, summertime sadness<c> oh, oh, oh<c> im feelin electric tonight<c> cruisin down the coast, goin bout 99<c> got my bad baby by my heavenly side<c> i know, if i go, ill die happy tonight<c> oh my god, i feel it in the air<c> telephone wires above are sizzlin like a snare<c> honey, im on fire, i feel it everywhere<c> nothin scares me anymore
<c> kiss me hard before you go<c> summertime sadness<c> i just wanted you to know<c> that, baby, you the best<c> i got that summertime, summertime sadness<c> sususummertime, summertime sadness<c> got that summertime, summertime sadness<c> oh, oh, oh<c> think ill miss you forever<c> like the stars miss the sun in the morning sky<c> laters better than never<c> even if youre gone, im gonna drive<c> drive
i got that summertime, summertime sadness<c> sususummertime, summertime sadness<c> got that summertime, summertime sadness<c> oh, oh, oh<c> kiss me hard before you go<c> summertime sadness<c> i just wanted you to know<c> that, baby, you the best<c> i got that summertime, summertime sadness<c> sususummertime, summertime sadness<c> got that summertime, summertime sadness<c> oh, oh, oh"
Lana Del Rey,did you know that theres a tunnel under ocean blvd,"did you know that theres a tunnel under ocean boulevard?<c> mosaic ceilings, painted tiles on the wall<c> i cant help but feel somewhat like my body marred my soul<c> handmade beauty sealed up by two manmade walls<c> and im like<c> whens it gonna be my turn?<c> whens it gonna be my turn?
<c> open me up, tell me you like it<c> fuck me to death, love me until i love myself<c> theres a tunnel under ocean boulevard<c> thers a tunnel under ocean boulvard<c> theres a girl who sings hotel california<c> not because she loves the notes or sounds that sound like florida<c> its because shes in a world, preserved, only a few have found the door<c> its like camarillo, only silver mirrors, running down the corridor<c> oh, man<c> whens it gonna be my turn?<c> dont forget me<c> whens it gonna be my turn?<c> open me up, tell me you like me<c> fuck me to death, love me until i love myself<c> theres a tunnel under ocean boulevard<c> dont forget me<c> theres a tunnel under ocean boulevard<c> harry nilsson has a song, his voice breaks at 2:05<c> something about the way he says dont forget me makes me feel like<c> i just wish i had a friend like him, someone to give me five<c> lennon in my back, whisperin in my ear
come on, baby, you can thrive<c> but i cant<c> whens it gonna be my turn?<c> dont forget me<c> whens it gonna be my turn?
<c> open me up, tell me you like it<c> fuck me to death, love me until i love myself<c> theres a tunnel under ocean boulevard<c> dont forget me<c> like the tunnel under ocean boulevard<c> dont forget me<c> like the tunnel under ocean boulevard<c> dont forget me<c> like the tunnel under ocean boulevard
<c> yeah, oh<c> dont forget me, dont forget me<c> no, dont, dont forget me<c> dont you, dont you forget me<c> oh"
Lana Del Rey,aw,"i havent done a cartwheel since i was nine<c> i havent seen my mother in a long, long time<c> i mean, look at me<c> look at the length of my hair and my face, the shape of my body<c> do you really think i give a damn<c> what i do after years of just hearing them talking?
<c> i say i live in rosemead, really, im at the ramada<c> it doesnt really matter, doesnt really, really matter<c> call him up, come into my bedroom<c> ended up, we fuck on the hotel floor<c> its not about havin someone to love me anymor<c> this is the experince of bein an american whore<c> called up one drunk, called up another<c> forensic files wasnt on<c> watching teenage diary of a girl<c> wondering what went wrong<c> im a princess, im divisive<c> ask me why, why, why im like this<c> maybe im just kinda like this<c> i dont know, maybe im just like this<c> i say i live in rosemead, really, im at the ramada<c> it doesnt really matter, doesnt really, really matter<c> call him up, he comes over again<c> yeah, i know im over my head, but, oh<c> its not about havin someone to love me anymore<c> no, this is the experience of bein an american whore<c> i mean, look at my hair<c> look at the length of it and the shape of my body<c> if i told you that i was raped<c> do you really think that anybody would think<c> i didnt ask for it? i didnt ask for it<c> i wont testify, i already fucked up my story<c> on top of this , so many other things you cant believe<c> did you know a singer can still be<c> looking like a sidepiece at thirtythree?<c> got a cop who turned on the backbeat<c> puts the shower on while he calls me<c> slips out the back door to talk to me<c> im invisible, look how you hold me<c> im invisible, im invisible<c> im a ghost now, look how you hold me now<c> its not about havin someone to love me anymore<c> no, this is the experience of bein an american whore<c> its not about havin someone to love me anymore<c> no, this is the experience of bein an american whore
<c> this is the experience of bein an american whore<c> this is the experience of bein an american whore<c> this is the experience of bein an american whore<c> woo
jimmy, jimmy, cocoa puff, jimmy, jimmy, ride<c> jimmy, jimmy, cocoa puff, jimmy, get me high<c> love me if you love or not, you can be my light<c> jimmy only love me when he wanna get high<c> jimmy only love me when he wanna get high<c> jimmy only love me when he wanna get high<c> jimmy only love me when he wanna get high<c> your mom called, i told her, youre fuckin up big time<c> your mom called, i told her, youre fuckin up big time<c> jimmy, jimmy, cocoa puff, jimmy, jimmy, ride<c> jimmy, jimmy, cocoa puff, jimmy, get me high<c> love me if you live and love, you can be my light<c> jimmy only love me when he wanna get high<c> jimmy only love me when he wanna get high<c> jimmy only love me when he wanna get high<c> jimmy only love me when he wanna get high<c> your mom called, i told her, youre fuckin up big time<c> jimmy, you should switch it up, baby, light it up<c> jimmy, if you leave the house, find me in the club<c> jimmy, if you switch it up, you should light it up<c> jimmy, if you leave the house, find me in the club<c> your mom called, i told her, youre fuckin up big time<c> but i dont care, baby, i already lost my mind<c> jimmy, if i lie it up, find me in the club<c> your mom called, i told her, youre fucking up big time<c> jimmy, jimmy, cocoa puff, jimmy, jimmy, ride<c> jimmy, jimmy, cocoa puff, jimmy, get me high<c> love me if you love or not, you can be my light<c> jimmy only love me when he wanna get high<c> jimmy only love me when he wanna get high<c> jimmy only love me when he wanna get high<c> jimmy only love me when he wanna get high<c> your mom called, i told her, youre fuckin up big time"
Lana Del Rey,carmen,"darlin, darlin doesnt have a problem<c> lyin to herself cause her liquors top shelf<c> its alarming, honestly, how charming she can be<c> fooling everyone, telling em shes having fun<c> she says, you dont wanna be like me<c> dont wanna see all the things ive seen<c> im dyin, im dyin<c> she says, you dont wanna get this way<c> famous and dumb at an early age<c> lyin, im lyin
<c> the boys, the girls, they all like carmen<c> she gives them butterflies, bats her cartoon eyes<c> she laughs like god, her minds like a diamond<c> audiotune lies, shes still shinin<c> like lightning, ohoh<c> like lightning<c> carmen, carmen, stayin up til morning<c> only seventeen, but she walks the streets so mean<c> its alarming, truly, how disarmin you can be<c> eatin soft ice cream, coney island queen<c> she says, you dont wanna be like me<c> lookin for fun, gettin high for free<c> im dyin, im dyin<c> she says, you dont wanna get this way<c> street walk at night and a star by day<c> its tirin, tirin
<c> the boys, the girls, they all like carmen<c> she gives them butterflies, bats her cartoon eyes<c> she laughs like god, her minds like a diamond<c> audiotune lies, shes still shinin<c> like lightning, ohoh<c> like lightning<c> babys all dressed up with nowhere to go<c> thats the little story of the girl you know<c> relyin on the kindness of strangers<c> tyin cherry knots, smilin, doin party favors<c> put your red dress on, put your lipstick on<c> sing your song, song, now the cameras on<c> and youre alive again<c> mon amour, je sais que tu maimes aussi<c> tu as besoin de moi, tu as besoin de moi dans ta vie<c> tu ne peux vivre sans moi<c> et je mourrais sans toi<c> je tuerais pour toi<c> the boys, the girls, they all like carmen<c> she gives them butterflies, bats her cartoon eyes<c> she laughs like god, her minds like a diamond<c> audiotune lies, shes still shinin<c> like lightning, ohoh<c> like lightning<c> like lightning, ohoh<c> like lightning<c> darlin, darlin doesnt have a problem<c> lyin to herself cause her liquors top shelf"
Lana Del Rey,ride,"oohoohoohooh, oohoohooh<c> oohoohoohooh, oohoohooh<c> i been out on that open road<c> but you can be my fulltime daddy, white and gold<c> singing blues has been gettin old<c> but you can be my fulltime baby, hot or cold<c> dont break me down<c> i been traveling too long<c> i been tryin too hard<c> with one pretty song
<c> i hear the birds on the summer breeze, i drive fast<c> i am alone at midnight<c> been trying hard not to get into trouble, but i<c> ive got a war in my mind<c> so, i just ride, just ride<c> i just ride, i just ride<c> dying young and playing hard<c> thats the way my father made his life and art<c> drink all day and we talk til dark<c> thats the way the road dogs do it, light til dark<c> dont leave me now<c> dont say goodbye<c> dont turn around<c> leave me high and dry
<c> i hear the birds on the summer breeze, i drive fast<c> i am alone at midnight<c> been trying hard not to get into trouble, but i<c> ive got a war in my mind<c> i just ride, just ride<c> i just ride, i just ride<c> im tired of feeling like im fucking crazy<c> im tired of driving til i see stars in my eyes<c> its all ive got to keep myself sane, baby<c> so i just ride, i just ride<c> i hear the birds on the summer breeze, i drive fast<c> i am alone at midnight<c> been trying hard not to get into trouble, but i<c> ive got a war in my mind<c> i just ride, just ride<c> i just ride, i just ride
"
Lana Del Rey,shades of cool,"my baby lives in shades of blue<c> blue eyes and jazz and attitude<c> he lives in california, too<c> he drives a chevy malibu<c> and when he calls, he calls for me and not for you<c> he lives for love, he loves his drugs, he loves his baby, too<c> but i cant fix him, cant make him better<c> and i cant do nothing about his strange weather<c> but you are unfixable<c> i cant break through your world
cause you live in shades of cool<c> your heart is unbreakable<c> my baby lives in shades of cool<c> cold heart and hands and aptitude<c> he lives for love, for women, too<c> im one of many, bonnies blue<c> and when he calls, he calls for me and not for you<c> he prays for love, he prays for peace, and maybe someone new<c> but i cant help him, cant make him better<c> and i cant do nothing about his strange weather
cause you are unfixable<c> i cant break through your world
cause you live in shades of cool<c> your heart is unbreakable<c> your hot, hot weather in the summer<c> high, high, neglectful lover<c> hot, hot weather in the summer<c> high, neglectful lover<c> youre crumbling, sadly<c> youre sadly, crumbling<c> you are unfixable<c> i cant break through your world
cause you live in shades of cool<c> your heart is unbreakable<c> pa pa da pa<c> pa pa da ah, oh<c> oh, oh<c> oh"
Lana Del Rey,chemtrails over the country club,"im on the run with you, my sweet love<c> theres nothing wrong contemplating god<c> under the chemtrailsoverthe country club<c> wearinour jewels in the swimming pool<c> meand my sister just playin it cool<c> under the chemtrails overthecountryclub<c> take out yourturquoise and allof your jewels<c> go to the market, the kids swimming pools<c> baby, whats your sign?<c> my moons in leo, my cancer is sun<c> you wont play, youre no fun<c> well, i dont care what they think<c> drag racing my little red sports car<c> im not unhinged or unhappy, im just wild<c> im on the run with you, my sweet love<c> theres nothing wrong contemplating god<c> under the chemtrails over the country club<c> wearin our jewels in the swimming pool<c> me and my sister just playin it cool<c> under the chemtrails over the country club<c> meet you for coffee at the elementary schools<c> we laugh about nothing as the summer gets cool<c> its beautiful how this deep normality settles down over me<c> im not bored or unhappy, im still so strange and wild<c> youre in the wind, im in the water<c> nobodys son, nobodys daughter<c> watching the chemtrails over the country club<c> suburbia, the brentwood market<c> what to do next? maybe well love it<c> white picket chemtrails over the country club<c> my love, my love<c> washing my hair, doing the laundry<c> late night tv, i want you on me<c> like when we were kids under chemtrails and country clubs<c> its never too late, baby, so dont give up<c> its never too late, baby, so dont give up<c> under the chemtrails over the country club, yeah<c> under the chemtrails, over the country club, yeah
<c> my cancer is sun and my leo is moon<c> my cancer is sun and my leo is moon"
Lana Del Rey,love,"look at you, kids, with your vintage music<c> comin through satellites while cruisin<c> youre part of the past, but now youre the future<c> signals crossing can get confusin
<c> its enough just to make you feel crazy, crazy, crazy<c> sometimes, its enough just to make you feel crazy<c> you get ready, you get all dressed up<c> to go nowhere in particular<c> back to work or the coffee shop<c> doesnt matter cause its enough<c> to be young and in loove<c> to be young and in loove<c> look at you, kids, you know youre the coolest<c> the world is yours and you cant refuse it<c> seen so much, you could get the blues<c> but that dont mean that you should abuse it<c> though its enough just to make you go crazy, crazy, crazy<c> i know, its enough just to make you go crazy, crazy, crazy<c> but you get ready, you get all dressed up<c> to go nowhere in particular<c> back to work or the coffee shop<c> it dont matter because its enough<c> to be young and in loove<c> to be young and in loove<c> mmm
mmm<c> mmm
dont worry, baby<c> mmm
mmm<c> mmm
dont worry, baby<c> and its enough just to make me go crazy, crazy, crazy<c> its enough just to make me go crazy, crazy, crazy<c> i get ready, i get all dressed up<c> to go nowhere in particular<c> it doesnt matter if im not enough<c> for the future or the things to come
cause im young and in loove<c> im young and in lo, lololo, love<c> mmm
mmm<c> mmm
dont worry, baby<c> mmm
mmm<c> mmm
dont worry, baby<c> mmm
mmm<c> mmm
dont worry, baby"
Lana Del Rey,born to die,"why?<c> who? me?<c> why?
<c> feet dont fail me now, take me to the finish line<c> oh, my heart, it breaks every step that i take<c> but im hoping that the gates, theyll tell me that youre mine<c> walking through the city streets, is it by mistake or design?<c> i feel so alone on a friday night<c> can you make it feel like home if i tell you youre mine?<c> its like i told you, honey
<c> dont make me sad, dont make me cry<c> sometimes, love is not enough<c> and the road gets tough, i dont know why<c> keep makin me laugh, lets go get high<c> the road is long, we carry on<c> try to have fun in the meantime<c> come and take a walk on the wild side<c> let me kiss you hard in the pouring rain<c> you like your girls insane<c> choose your last words, this is the last time
cause you and i, we were born to die<c> lost, but now i am found<c> i can see that, once, i was blind<c> i was so confused as a little child<c> tried to take what i could get, scared that i couldnt find<c> all the answers, honey
<c> dont make me sad, dont make me cry<c> sometimes, love is not enough<c> and the road gets tough, i dont know why<c> keep makin me laugh, lets go get high<c> the road is long, we carry on<c> try to have fun in the meantime<c> come and take a walk on the wild side<c> let me kiss you hard in the pouring rain<c> you like your girls insane<c> choose your last words, this is the last time
cause you and i, we were born to die
<c> we were born to die<c> we were born to die<c> come and take a walk on the wild side<c> let me kiss you hard in the pouring rain<c> you like your girls insane<c> so dont make me sad, dont make me cry<c> sometimes, love is not enough<c> and the road gets tough, i dont know why<c> keep makin me laugh, lets go get high<c> the road is long, we carry on<c> try to have fun in the meantime<c> come and take a walk on the wild side<c> let me kiss you hard in the pouring rain<c> you like your girls insane<c> choose your last words, this is the last time
cause you and i, we were born to die
<c> we were born to die

"
Lana Del Rey,white mustang,"packin all my things for the summer<c> lyin on my bed, its a bummer
cause i didnt call when i got your number<c> but i liked you a lot<c> slippin on my dress in soft filters<c> everybody said youre a killer<c> but i couldnt stop the way i was feelin<c> the day your record dropped<c> the day i saw your white mustang<c> your white mustang<c> the day i saw your white mustang<c> your white mustang<c> caught up in my dreams and forgettin<c> ive been actin like armageddon cause you<c> held me in your arms just a little too tight<c> thats what i thought<c> summers meant for lovin and leavin<c> i was such a fool for believin that you<c> could change all the ways youve been livin<c> but you just couldnt stop<c> the day i saw your white mustang<c> your white mustang<c> the day i saw your white mustang<c> your white mustang<c> and youre revvin and revvin and revvin it up<c> and the sound, it was frightenin<c> and you were gettin a part of that<c> youre gonna hit me like lightnin
<c> white mustang<c> your white mustang<c> the day i saw your white mustang<c> said, youre a wild mustang<c> youre gonna hit me like lightnin<c> youre gonna hit me like lightnin"
Lana Del Rey,how to disappear,"john met me down on the boulevard<c> cry on his shoulder cause life is hard<c> the waves came in over my head<c> what you been up to, my baby?<c> havent seen you round here lately<c> all of the guys tell me lies, but you dont<c> you just crack another beer<c> and pretend that youre still here<c> this is how to disappear<c> this is how to disappear<c> joe met me down at the training yard<c> cuts on his face cause he fought too hard<c> i know hes in over his head<c> but i love that man like nobody can<c> he moves mountains and pounds them to ground again<c> i watched the guys getting high as they fight<c> for the things that they hold dear<c> to forget the things they fear<c> this is how to disappear<c> this is how to disappear
<c> now its been years since i left new york<c> ive got a kid and two cats in the yard<c> the california sun and the movie stars<c> i watch the skies getting light as i write<c> as i think about those years<c> as i whisper in your ear<c> im always going to be right here<c> no ones going anywhere"
Lana Del Rey,fucked my way up to the top,"life is awesome, i confess<c> what i do, i do best<c> you got nothing, i got tested<c> and i passed, yes<c> lay me down tonight in my linen and curls<c> lay me down tonight, riviera girls<c> i fucked my way up to the top<c> this is my show<c> i fucked my way up to the top<c> go, baby, go<c> go, go, go, go, go<c> this is my show<c> go, go, go, go, go<c> this is my show<c> im a dragon, youre a whore<c> dont even know what youre good for<c> mimicking mes a fucking bore<c> to me, but, babe<c> lay me down tonight in my diamonds and pearls<c> tell me songs at night about your favorite girl<c> i fucked my way up to the top<c> this is my show<c> i fucked my way up to the top<c> go, baby, go<c> go, go, go, go, go<c> this is my show<c> go, go, go, go, go<c> this is my show<c> need you, baby, like i breathe you, baby<c> need you, baby, more, more, more, more<c> need you, baby, like i breathe you, baby<c> fuckin need you, baby, more, more, more, more<c> lay me down tonight in my linen and curls<c> lay me down tonight, im your favorite girl<c> i fucked my way up to the top<c> this is my show<c> i fucked my way up to the top<c> go, baby, go<c> go, go, go, go, go<c> this is my show<c> go, go, go, go, go<c> this is my show<c> need you, baby, like i breathe you, baby<c> i need you, baby, more, more, more, more<c> need you, baby, like i breathe you, baby<c> ah, ah<c> ah"
Lana Del Rey,doin time,"summertime and the livins easy<c> bradleys on the microphone with ras mg<c> all the people in the dance will agree<c> that were wellqualified to represent the l.b.c.<c> me, me and louie, we gonna run to the party<c> and dance to the rhythm, it gets harder<c> me and my girl, we got this relationship<c> i love her so bad, but she treats me like shit<c> on lockdown, like a penitentiary<c> she spreads her lovin all over<c> and when she gets home, theres none left for me<c> summertime and the livins easy<c> bradleys on the microphone with ras mg<c> all the people in the dance will agree<c> that were wellqualified to represent the l.b.c.<c> me, me and louie, we gonna run to the party<c> and dance to the rhythm, it gets harder
<c> oh, take this veil from off my eyes<c> my burning sun will, some day, rise<c> so what am i gonna be doin for a while?<c> said im gonna play with myself<c> show them how we come off the shelf<c> summertime and the livins easy<c> bradleys on the microphone with ras mg<c> all the people in the dance will agree<c> that were wellqualified to represent the l.b.c.<c> me, me and louie, we gonna run to the party<c> and dance to the rhythm, it gets harder
<c> evil, weve come to tell you that shes evil, most definitely<c> evil, ornery, scandalous and evil, most definitely<c> the tension, its getting hotter<c> id like to hold her head underwater
<c> summertime and the livins easy<c> bradleys on the microphone with ras mg<c> all the people in the dance will agree<c> that were wellqualified to represent the l.b.c.<c> me, me and louie, we gonna run to the party<c> and dance to the rhythm, it gets harder"
Lana Del Rey,salvatore,"all the lights in miami begin to gleam<c> ruby, blue and green, neon too<c> everything looks better from above, my king<c> like aquamarine, oceans blue<c> ahahahah, ahahahahah<c> cacciatore
ladadadada, ladadadada<c> limousines
ahahahah, ahahahahah<c> ciao, amore<c> ladadadada, ladadadada<c> soft ice cream<c> all the lights are sparkling for you it seems<c> on the downtown scenes, shady blue<c> beatboxing and rapping in the summer rain<c> like a boss, you sang jazz and blues<c> ahahahah, ahahahahah<c> cacciatore
ladadadada, ladadadada<c> limousines
ahahahah, ahahahahah<c> ciao, amore<c> ladadadada, ladadadada<c> soft ice creams<c> the summers wild and ive been waiting for you all this time<c> i adore you, cant you see youre meant for me?<c> the summers hot but ive been cold without you<c> i was so wrong not to doubt your medelln, tangerine dreams<c> catch me if you can, working on my tan<c> salvatore
dying by the hand of a foreign man happily<c> calling out my name in the summer rain<c> ciao, amore<c> salvatore can wait<c> now its time to eat soft ice cream<c> ahahahah, ahahahahah<c> cacciatore
ahahahah, ahahahahah<c> limousines
ahahahah, ahahahah<c> ciao amore<c> ahahahah, ahahahahah<c> soft ice cream"
Lana Del Rey,high by the beach,"high, high<c> high, high<c> boy, look at you lookin at me<c> i know you know how i feel<c> lovin you is hard, bein heres harder<c> you take the wheel<c> i dont wanna do this anymore<c> its so surreal<c> i cant survive<c> if this is all thats real<c> all i wanna do is get high by the beach<c> get high by the beach, get high<c> all i wanna do is get by by the beach<c> get by, baby, baby, byebye<c> the truth is i never bought into your bullshit<c> when you would pay tribute to me cause i know that<c> all i wanted to do was get high by the beach<c> get high, baby, baby, byebye<c> boy, look at you lookin at me<c> i know you dont understand<c> you could be a bad motherfucker<c> but that dont make you a man<c> now youre just another one of my problems<c> because you got out of hand<c> we wont survive<c> were sinkin into the sand<c> all i wanna do is get high by the beach<c> get high by the beach, get high<c> all i wanna do is get by by the beach<c> get by, baby, baby, byebye<c> the truth is i never bought into your bullshit<c> when you would pay tribute to me cause i know that<c> all i wanted to do was get high by the beach<c> get high, baby, baby, byebye<c> lights, camera, accin<c> ill do it on my own<c> dont need your money, money<c> to get me what i want<c> lights, camera, accin<c> ill do it on my own<c> dont need your money, money<c> to get me what i want<c> all i wanna do is get high by the beach<c> get high by the beach, get high<c> all i wanna do is get by by the beach<c> get by, baby, baby, byebye<c> the truth is i never bought into your bullshit<c> when you would pay tribute to me cause i know that<c> all i wanted to do was get high by the beach<c> get high, baby, baby, byebye<c> high
high<c> high
high<c> anyone can start again<c> not through love, but through revenge<c> through the fire, were born again<c> peace by vengeance brings the end"
Lana Del Rey,the greatest,"i miss long beach and i miss you, babe<c> i miss dancing with you the most of all<c> i miss the bar where the beach boys would go<c> dennis last stop before kokomo<c> those nights were on fire<c> we couldnt get higher<c> we didnt know that we had it all<c> but nobody warns you before the fall<c> and im wasted<c> dont leave i just need a wakeup call<c> im facing the greatest<c> the greatest loss of them all<c> the culture is lit and i had a ball<c> i guess im signing off after all
<c> i miss new york and i miss the music<c> me and my friends we miss rock n roll<c> i want shit to feel just like it used to<c> when baby, i was doing nothin the most of all<c> the culture is lit, and if this is it i had a ball<c> i guess that im burned out after all<c> im wasted<c> dont leave, i just need a wakeup call<c> im facing the greatest<c> the greatest loss of them all<c> the culture is lit and i had a ball<c> i guess that im burned out after all<c> if this is it, im signing off<c> miss doing nothin the most of all<c> hawaii just missed that fireball<c> l.a. is in flames its getting hot<c> kanye west is blond and gone
life on mars? aint just a song<c> oh, the live streams almost on"
Lana Del Rey,norman fucking rockwell,"goddamn, manchild<c> you fucked me so good that i almost said i love you<c> youre fun and youre wild<c> but you dont know the half of the shit that you put me through<c> your poetrys bad and you blame the news<c> but i cant change that, and i cant change your mood, ah
cause youre just a man<c> its just what you do<c> your head in your hands<c> as you color me blue<c> yeah, youre just a man<c> all through and through<c> your head in your hands<c> as you color me blue<c> blue, blue, blue<c> goddamn, manchild<c> you act like a kid even though you stand six foot two<c> selfloathing poet, resident laurel canyon knowitall<c> you talk to the walls when the party gets bored of you<c> but i dont get bored, i just see it through<c> why wait for the best when i could have you? you?
cause youre just a man<c> its just what you do<c> your head in your hands<c> as you color me blue<c> yeah, youre just a man<c> all through and through<c> your head in your hands<c> as you color me blue<c> blue, blue<c> you make me blue<c> blue, blue<c> blue, blue, blue<c> blue, blue, blue"
Lana Del Rey,off to the races,"my old man is a bad man<c> but i cant deny, the way he holds my hand<c> and he grabs me, he has me by my heart<c> he doesnt mind i have a las vegas past<c> he doesnt mind i have a l.a. crass way about me<c> he loves me with every beat of his cocaine heart<c> swimmin pool, glimmering darlin<c> white bikini off with my red nail polish<c> watch me in the swimming pool, bright blue ripples<c> you sittin, sippin on your black cristal, yeah<c> light of my life, fire of my loins<c> be a good baby, do what i want<c> light of my life, fire of my loins<c> gimme them gold coins, gimme them coins<c> and im off to the races<c> cases of bacardi chasers<c> chasin me all over town
cause he knows im wasted<c> facin time again at rikers island<c> and i wont get out<c> because im crazy, baby<c> i need you to come here and save me<c> im your little scarlet, starlet<c> singin in the garden<c> kiss me on my open mouth<c> ready for you<c> my old man is a tough man<c> but he got a soul as sweet as blood red jam<c> and he shows me, he knows me, every inch of my tar black soul<c> he doesnt mind i have a flat, brokedown life<c> in fact, he says he thinks its what he might like about me<c> admires me, the way i roll like a rollin stone<c> likes to watch me in the glass room, bathroom, chateau marmont<c> slippin on my red dress, puttin on my makeup<c> glass room, perfume, cognac, lilac fumes<c> says it feels like heaven to him<c> light of his life, fire of his loins<c> keep me forever, tell me you own me<c> light of your life, fire of your loins<c> tell me you own me, gimme them coins<c> and im off to the races<c> cases of bacardi chasers<c> chasin me all over town
cause he knows im wasted<c> facin time again at rikers island<c> and i wont get out<c> because im crazy, baby<c> i need you to come here and save me<c> im your little scarlet, starlet<c> singin in the garden<c> kiss me on my open mouth<c> yo, im off to the races, laces<c> leather on my waist is tight<c> and i am falling down<c> i can see your face is shameless<c> ciprianis basement<c> love you, but im going down<c> god, im so crazy, baby<c> im sorry that im misbehaving<c> im your little harlot, starlet<c> queen of coney island<c> raisin hell all over town<c> sorry bout it<c> my old man is a thief<c> and im gonna stay and pray with him til the end<c> but i trust in the decision of the lord to watch over us<c> take him when he may, if he may<c> im not afraid to say that id die without him<c> who else is gonna put up with me this way?<c> i need you, i breathe you, id never leave you<c> they would rue the day i was alone without you<c> youre lying with your gold chain on<c> cigar hangin from your lips<c> i said, hon, you never looked so beautiful<c> as you do now, my man
<c> and were off to the races, places<c> ready, set, the gate is down<c> and now were goin in<c> to las vegas, chaos, casino oasis<c> honey, it is time to spin<c> boy, youre so crazy, baby<c> i love you forever, not maybe<c> you are my one true love<c> you are my one true love<c> you are my one true love"
Lana Del Rey,say yes to heaven,"if you dance, ill dance<c> and if you dont, ill dance anyway<c> give peace a chance<c> let the fear you have fall away<c> ive got my eye on you<c> ive got my eye on you<c> say yes to heaven<c> say yes to me<c> say yes to heaven<c> say yes to me<c> if you go, ill stay<c> you come back, ill be right here<c> like a barge at sea<c> in the storm, i stay clear
cause ive got my mind on you<c> ive got my mind on you<c> say yes to heaven<c> say yes to me<c> say yes to heaven<c> say yes to me<c> if you dance, ill dance<c> ill put my red dress on, get it on<c> and if you fight, ill fight<c> it doesnt matter now, its all gone<c> ive got my mind on you<c> i got my mind on you<c> say yes to heaven<c> say yes to me<c> say yes to heaven<c> say yes to me<c> ive got my eye on you<c> ive got my eye on you, mm<c> ive got my eye on you<c> ive got my eye on you"
Lana Del Rey,gods  monsters,"l.a., l.a.<c> l.a., l.a.
<c> in the land of gods and monsters<c> i was an angel living in the garden of evil<c> screwed up, scared, doing anything that i needed<c> shining like a fiery beacon<c> you got that medicine i need<c> fame, liquor, love, give it to me slowly<c> put your hands on my waist, do it softly<c> me and god, we dont get along, so now i sing<c> no ones gonna take my soul away<c> im living like jim morrison<c> headed towards a fucked up holiday<c> motel sprees, sprees and im singing
fuck yeah, give it to me, this is heaven, what i truly want<c> its innocence lost, innocence lost<c> in the land of gods and monsters<c> i was an angel looking to get fucked hard<c> like a groupie incognito, posing as a real singer<c> life imitates art<c> you got that medicine i need<c> dope, shoot it up, straight to the heart, please<c> i dont really wanna know whats good for me<c> gods dead, i said, baby, thats alright with me
<c> no ones gonna take my soul away<c> im living like jim morrison<c> headed towards a fucked up holiday<c> motel sprees, sprees and im singing
fuck yeah, give it to me, this is heaven, what i truly want<c> its innocence lost, innocence lost<c> when you talk, its like a movie and youre makin me crazy
cause life imitates art<c> if i get a little prettier, can i be your baby?<c> you tell me life isnt that hard<c> no ones gonna take my soul away<c> im living like jim morrison<c> headed towards a fucked up holiday<c> motel sprees, sprees and im singing
fuck yeah, give it to me, this is heaven, what i truly want<c> its innocence lost, innocence lost"
Lana Del Rey,west coast,"down on the west coast, they got a sayin
if youre not drinkin, then youre not playin<c> but youve got the music<c> youve got the music in you, dont you?<c> down on the west coast, i get this feeling like<c> it all could happen, thats why im leaving<c> you for the moment, you for the moment<c> boy blue, yeah, you<c> youre falling hard, i push away, im feelin hot to the touch<c> you say you miss me and i wanna say i miss you so much<c> but something keeps me really quiet, im alive, im a lush<c> your love, your love, my love<c> i can see my baby swinging<c> his parliaments on fire and his hands are up<c> on the balcony and im singing<c> ooh, baby, ooh, baby, im in love<c> i can see my sweet boy swaying<c> hes crazy y cubano como yo, lala<c> on the balcony and im saying<c> move, baby, move, baby, im in love<c> im in love<c> im in love

<c> down on the west coast, they got their icons<c> their silver starlets, their queens of saigons<c> and youve got the music<c> youve got the music in you, dont you?<c> down on the west coast, they love their movies<c> their golden gods and rock n roll groupies<c> and youve got the music<c> youve got the music in you, dont you?
<c> you push it hard, i pull away, im feeling hotter than fire<c> i guess that no one ever really made me feel that much higher<c> te deseo, cario, boy, its you i desire<c> your love, your love, my love<c> i can see my baby swinging<c> his parliaments on fire and his hands are up<c> on the balcony and im singing<c> ooh, baby, ooh, baby, im in love<c> i can see my sweet boy swaying<c> hes crazy y cubano como yo, lala<c> on the balcony and im saying<c> move, baby, move, baby, im in love<c> i can see my baby swinging<c> his parliaments on fire and his hands are up<c> on the balcony and im singing<c> ooh, baby, ooh, baby, im in love<c> i can see my sweet boy swaying<c> hes crazy y cubano como yo, lala<c> on the balcony and im saying<c> move, baby, move, baby, im in love<c> im in love<c> im in love"
Lana Del Rey,cinnamon girl,"cinnamon in my teeth<c> from your kiss, youre touching me<c> all the pills that you take<c> violet, blue, green, red to keep me at arms length dont work<c> you try to push me out, but i just find my way back in<c> violet, blue, green, red to keep me out, i win<c> theres things i wanna say to you<c> but ill just let you live<c> like if you hold me without hurting me<c> youll be the first who ever did<c> theres things i wanna talk about<c> but better not to give<c> but if you hold me without hurting me<c> youll be the first who ever did<c> ah, ah, ah, ah, ah, ah<c> hold me, love me, touch me, honey<c> be the first who ever did<c> ah, ah, ah, ah, ah, ah<c> hold me, love me, touch me, honey<c> be the first who ever did<c> kerosene in my hands<c> you make me mad, on fire again<c> all the pills that you take<c> violet, blue, green, red to keep me at arms length dont work<c> theres things i wanna say to you<c> but ill just let you live<c> like if you hold me without hurting me<c> youll be the first who ever did<c> theres things i wanna talk about<c> but better not to give<c> but if you hold me without hurting me<c> youll be the first who ever did<c> ah, ah, ah, ah, ah, ah<c> hold me, love me, touch me, honey<c> be the first who ever did<c> ah, ah, ah, ah, ah, ah<c> hold me, love me, touch me, honey<c> be the first who ever did<c> theres things i wanna say to you<c> but ill just let you live<c> like if you hold me without hurting me<c> youll be the first who ever did<c> theres things i wanna talk about<c> but better not to give<c> like if you hold me without hurting me<c> youll be the first who ever did"
Lana Del Rey,cherry,"love , i said real love is like feelin no fear<c> when youre standin in the face of danger
cause you just want it so much<c> a touch , from your real love<c> is like heaven takin the place of somethin evil<c> and lettin it burn off from the rush, yeah, yeah
<c> darlin, darlin, darlin<c> i fall to pieces when im with you<c> i fall to pieces<c> my cherries  and wine, rosemary and thyme<c> and all of my peaches are ruined<c> love , is it real love?<c> its like smilin when the firin squads against ya<c> and you just stay lined up, yeah
<c> darlin, darlin, darlin<c> i fall to pieces when im with you<c> i fall to pieces<c> my cherries and wine, rosemary and thyme<c> and all of my peaches<c> are ruined
<c> my rose garden dreams<c> set on fire by fiends<c> and all my black beaches<c> are ruined<c> my celluloid scenes<c> are torn at the seams<c> and i fall to pieces
 i fall to pieces when im with you
 cause i love you so much<c> i fall to pieces<c> my cherries and wine, rosemary and thyme<c> and all of my peaches are ruined<c> are ruined , are ruined "
Lana Del Rey,ride monologue,"i was in the winter of my life<c> and the men i met along the road were my only summer<c> at night i fell asleep with visions of myself dancing and laughing and crying with them<c> three years down the line of being on an endless world tour and my memories of them were the only things that sustained me<c> and my only real happy times<c> i was a singer<c> not a very popular one<c> i once had dreams of becoming a beautiful poet<c> but upon an unfortunate series of events saw those dreams dashed and divided like a million stars in the night sky<c> that i wished on over and over again, sparkling and broken<c> but i didnt really mind because i knew that it takes getting everything you ever wanted and then losing it to know what true freedom is<c> when the people i used to know found out what i had been doing how i had been living, they asked me why, but theres no use in talking to people who have a home<c> they have no idea what its like to seek safety in other people<c> for home to be wherever you lie your head<c> i was always an unusual girl<c> my mother told me that i had a chameleon soul<c> no moral compass pointing due north<c> no fixed personality<c> just an inner indecisiveness that was as wide and as wavering as the ocean<c> and if i said i didnt plan for it to turn out this way id be lying<c> because i was born to be the other woman<c> who belonged to no one<c> who belonged to everyone<c> who had nothing<c> who wanted everything<c> with a fire for every experience and an obsession for freedom that terrified me to the point that i couldnt even talk about it<c> and pushed me to a nomadic point of madness that both dazzled and dizzied me
<c> every night i used to pray that id find my people<c> and finally i did<c> on the open road<c> we had nothing to lose, nothing to gain, nothing we desired anymore<c> except to make our lives into a work of art<c> live fast<c> die young<c> be wild<c> and have fun<c> i believe in the country america used to be<c> i believe in the person i want to become<c> i believe in the freedom of the open road<c> and my motto is the same as ever
i believe in the kindness of strangers<c> and when im at war with myself<c> i ride<c> i just ride<c> who are you?<c> are you in touch with all of your darkest fantasies?<c> have you created a life for yourself where you can experience them?<c> i have<c> i am fucking crazy<c> but i am free"
Lana Del Rey,venice bitch,"fear fun, fear love<c> fresh out of fucks forever<c> tryin to be stronger for you<c> ice cream, ice queen<c> i dream in jeans and leather<c> live stream, im sweet for you<c> oh god, miss you on my lips<c> its me, your little venice bitch<c> on the stoop with the neighborhood kids<c> callin out, bang bang, kiss kiss<c> youre in the yard, i light the fire<c> and as the summer fades away<c> nothing gold can stay<c> you write, i tour, we make it work<c> youre beautiful and im insane<c> were americanmade<c> give me hallmark<c> one dream, one life, one lover<c> paint me happy in blue<c> norman rockwell<c> no hype under our covers<c> its just me and you<c> oh god, miss you on my lips<c> its me, your little venice bitch<c> on the stoop with the neighborhood kids<c> callin out, bang bang, kiss kiss<c> youre in the yard, i light the fire<c> and as the summer fades away<c> nothing gold can stay<c> you write, i tour, we make it work<c> youre beautiful and im insane<c> were americanmade<c> oh , oh , oh<c> soundin off, bang bang, kiss kiss<c> oh , oh , oh<c> soundin off, bang bang, kiss kiss<c> oh god, want you on my lips<c> its me, your little venice bitch<c> on the stoop with the neighborhood kids<c> soundin off, bang bang, kiss kiss<c> oh, shatter , oh, shatter , oh, shatter
<c> yeah , oh , oh
<c> yeah, yeah<c> you heard my babys back in town now<c> you should come, come over<c> well be hanging around now<c> you should come, come over<c> oh god, i love him on my lips<c> its me, your little venice bitch<c> touch me with your fingertips<c> its me, your little venice bitch<c> back, back in the garden<c> were getting high now because were older<c> me myself, i like diamonds<c> my baby, crimson and clover
<c> whawhawhawhawhatever<c> everything, whatever<c> whawhawhawhawhatever<c> everything, whatever
<c> ah, ah, ah, ah<c> ah yeah, ah yeah<c> ah yeah, ah<c> lalalalalala, losers,  beautiful losers<c> lalalalalala, losers,  beautiful losers<c> lalalalalala, losers, beautiful losers<c> lalalalalala, losers, beautiful losers<c> back in the garden<c> were getting high now because were older<c> me myself, i like diamonds<c> my baby, crimson and clover<c> crimson and clover, honey<c> crimson and clover, honey<c> crimson and clover, honey<c> crimson and clover, honey<c> crimson and clover, honey<c> crimson and clover, honey<c> over and over, honey<c> over and over, honey<c> over and over, honey<c> over and over, honey<c> over and over
<c> if you werent mine, id be<c> jealous of your love<c> if you werent mine, id be<c> jealous of your love<c> if you werent mine, id be<c> jealous of your love<c> if you werent mine, id be<c> jealous of your love<c> if you werent mine, id be<c> jealous of your love"
Lana Del Rey,video games,"swingin in the backyard, pull up in your fast car<c> whistlin my name<c> open up a beer and you say, get over here<c> and play a video game<c> im in his favorite sundress, watching me get undressed<c> take that body downtown<c> i say, you the bestest, lean in for a big kiss, put his favorite perfume on
go play your video game
<c> its you, its you, its all for you, everything i do<c> i tell you all the time, heaven is a place on earth with you<c> tell me all the things you wanna do<c> i heard that you like the bad girls, honey, is that true?<c> its better than i ever even knew<c> they say that the world was built for two<c> only worth living if somebody is loving you<c> and baby, now you do<c> mmm
singin in the old bars, swinging with the old stars<c> livin for the fame<c> kissin in the blue dark, playing pool and wild darts<c> video games<c> he holds me in his big arms, drunk, and i am seeing stars<c> this is all i think of<c> watchin all our friends fall in and out of old pauls, this is my idea of fun<c> playin video games<c> its you, its you, its all for you, everything i do<c> i tell you all the time, heaven is a place on earth with you<c> tell me all the things you wanna do<c> i heard that you like the bad girls, honey, is that true?<c> its better than i ever even knew<c> they say that the world was built for two<c> only worth living if somebody is loving you<c> and baby, now you do<c> its you, its you, its all for you, everything i do<c> i tell you all the time, heaven is a place on earth with you<c> tell me all the things you wanna do<c> i heard that you like the bad girls, honey, is that true?<c> its better than i ever even knew<c> they say that the world was built for two<c> only worth living if somebody is loving you<c> and baby, now you do
<c> mmm, now you do
"
Lana Del Rey,young and beautiful,"ive seen the world, done it all<c> had my cake now<c> diamonds, brilliant, and bel air now<c> hot summer nights, midjuly<c> when you and i were forever wild<c> the crazy days, city lights<c> the way youd play with me like a child<c> will you still love me when im no longer young and beautiful?<c> will you still love me when i got nothing but my aching soul?<c> i know you will, i know you will, i know that you will<c> will you still love me when im no longer beautiful?
<c> ive seen the world, lit it up as my stage now<c> channeling angels in the new age now<c> hot summer days, rock and roll<c> the way youd play for me at your show<c> and all the ways i got to know<c> your pretty face and electric soul<c> will you still love me when im no longer young and beautiful?<c> will you still love me when i got nothing but my aching soul?<c> i know you will, i know you will, i know that you will<c> will you still love me when im no longer beautiful?<c> dear lord, when i get to heaven<c> please, let me bring my man<c> when he comes, tell me that youll let him in<c> father, tell me if you can<c> all that grace, all that body<c> all that face makes me wanna party<c> hes my sun, he makes me shine like diamonds<c> will you still love me when im no longer young and beautiful?<c> will you still love me when i got nothin but my aching soul?<c> i know you will, i know you will, i know that you will<c> will you still love me when im no longer beautiful?
<c> will you still love me when im no longer beautiful?<c> will you still love me when im not young and beautiful?"
Lana Del Rey,summer bummer,"its never too late<c> to be who you wanna be<c> to say what you wanna say<c> and its never too late<c> to leave if you wanna leave<c> or to stay if you wanna stay<c> but, baby<c> i got a feelin in my bones
<c> cant get you out of my veins<c> you cant escape my affection<c> wrap you up in my daisy chains
<c> hiphop in the summer<c> dont be a bummer, babe<c> be my undercover lover, babe, hmm
what? what? what? what? what? what? yeah<c> what? what? what?<c> high tops in the summer<c> dont be a bummer, babe<c> be my undercover lover, babe, hmm
<c> uh, her sophistication make you wanna quit the bitch you datin<c> lets skip the games, lets quit the playin<c> boo, lets get acquainted<c> notifications sync in place even when were on vacation<c> i knew shed notice like i missed the payment, dang it<c> but bang it like my fingers<c> she pray to god i made it<c> but bankin like my franklins<c> my neighbors stopped the hatin<c> what?<c> huh?<c> slide inside it<c> diddy boppin <c> milly rockin<c> she just might become my lover for real<c> i might fuck with her all summer for real<c> they better not holla if i cuff her for real<c> niggas better run for cover for real<c> goin bell how i feel, close the deal, pop a seal<c> take the whip, two pills on the lips on the wheel<c> truthfully, between you and me, im usually single<c> when its hot outside this, i ride through any hood with the top out<c> hop out<c> hiphop in the summer<c> dont be a bummer, babe<c> be my undercover lover, babe, hmm
what? what? what? what? what? what? yeah<c> what? what? what?<c> high tops in the summer<c> dont be a bummer, babe<c> be my undercover lover, babe, hmm
<c> white lies and black beaches<c> miles in between us<c> is this love or lust or some game on repeat?<c> its like makin me crazy<c> tell me have patience<c> baby, i need this<c> white lines and black beaches<c> white lies and black beaches<c> and blood red sangrias<c> we traveled for weeks just to escape your demons<c> but youve got your reasons<c> in makin me crazy<c> but youve got your reasons<c> white lights and black beaches<c> high tops in the summer<c> dont be a bummer, babe<c> dont be a bummer<c> dont be a bummer
<c> hiphop in the summer<c> dont be a bummer, babe<c> be my undercover lover, babe, hmm
what? what? what? what? what? what? yeah<c> what? what? what?<c> high tops in the summer<c> dont be a bummer, babe<c> be my undercover lover, babe
<c> dont be a bummer, babe<c> ooh ohh, ooh ohh<c> ooh ohh, ooh ohh"
Lana Del Rey,get free,"finally, im crossing the threshold<c> from the ordinary world<c> to the reveal of my heart<c> undoubtedly, that will for certain<c> take the dead out of the sea<c> and the darkness from the arts<c> this is my commitment, my modern manifesto<c> im doin it for all of us who never got the chance<c> for and for<c> and all my birds of paradise<c> who never got to fly at night
cause they were caught up in the dance<c> sometimes, it feels like ive got a war in my mind<c> i wanna get off, but i keep ridin the ride<c> i never really noticed that i had to decide<c> to play someones game or live my own life<c> and now i do, i wanna move<c> out of the black  into the blue
<c> finally, gone is the burden<c> of the crowley way of bein<c> that comes from energies combined<c> like my part was, i was not discernin<c> and you, as we found out<c> were not in your right mind<c> theres no more chasing rainbows and hoping for an end to them<c> their arches are illusions, solid at first glance<c> but then you try to touch them<c> theres nothing to hold on to<c> the colors used to lure you in<c> and put you in a trance
<c> sometimes, it feels like ive got a war in my mind<c> i wanna get off, but i keep ridin the ride<c> i never really noticed that i had to decide<c> to play someones game or live my own life<c> and now i do, i wanna move<c> out of the black  into the blue
<c> out of the black  into the blue<c> out of the black  into the blue

"
Lana Del Rey,florida kilos,"white lines, pretty baby, tattoos<c> dont know what they mean, theyre special, just for you<c> white lines, baking powder on the stove<c> cooking up a dream, turning diamonds into snow<c> i feel you, pretty baby, feel me<c> turn it up hot, loving you is free<c> i like it down, like it down way low<c> but you already know that, you already know
<c> come on down to florida<c> i got something for ya<c> we could see the kilos or the keys, baby, oh yeah<c> guns in the summertime<c> chicacherry cola lime<c> prison isnt nothing to me if youll be by my side<c> yayo, yayo, yayo<c> and all the dope fiends<c> yayo, yayo, yayo<c> sun in my mouth and gold hoops<c> you like your little baby, like you like your drinks: cool<c> white lines, pretty daddy, go skiing<c> you snort it like a champ, like the winter were not in
<c> come on down to florida<c> i got something for ya<c> we could see the kilos or the keys, baby, oh yeah<c> guns in the summertime<c> chicacherry cola lime<c> prison isnt nothing to me if youll be by my side<c> yayo, yayo, yayo<c> and all the dope fiends<c> yayo, yayo, yayo
<c> we could get high in miami, ooh, ooh<c> dance the night away<c> people never die in miami, ooh, ooh<c> thats what they all say yay<c> come on down to florida<c> i got something for ya<c> we could see the kilos or the keys, baby, oh yeah<c> guns in the summertime<c> chicacherry cola lime<c> prison dont mean nothing to me if youll be by my side<c> yayo, yayo, yayo<c> all the floridians like<c> yayo, yayo, yayo<c> all the colombians like<c> yayo, yayo, yayo<c> and all my girlfriends<c> yayo, yayo, yayo<c> thats how we do it, like<c> mmmm, pretty baby<c> white lines, pretty baby<c> gold teeth, pretty baby<c> yeah, yeah, yeah<c> dance the night away"
Lana Del Rey,cola,"my pussy tastes like pepsi cola<c> my eyes are wide like cherry pies<c> i gots a taste for men who are older<c> its always been so its no surprise<c> harveys in the sky with diamonds and hes making me crazy<c> all he wants to do is party with his pretty baby<c> come on, baby, lets ride<c> we can escape to the great sunshine<c> i know your wife and she wouldnt mind<c> we made it out to the other side<c> we made it out to the other side<c> we made it out to the other side<c> come on, come on<c> come on, come on, come on, baby<c> oh, oh yeah<c> i fall asleep in an american flag<c> i wear my diamonds on skid row<c> i pledge allegiance to my dad<c> for teaching me everything he knows<c> harveys in the sky with diamonds and hes making me crazy<c> all he wants to do is party with his pretty baby<c> come on, baby, lets ride<c> we can escape to the great sunshine<c> i know your wife and she wouldnt mind<c> we made it out to the other side<c> we made it out to the other side<c> we made it out to the other side<c> drugs, suck it up, like vanilla icys<c> dont treat me rough, treat me really niceys<c> decorate my neck, diamantes ices<c> why, come on, come on
<c> come on, baby, lets ride<c> we can escape to the great sunshine<c> i know your wife and she wouldnt mind<c> we made it out to the other side<c> come on, baby, lets ride<c> we can escape to the great sunshine<c> we made it out to the other side<c> we made it out to the other side<c> come on, come on, come on, baby<c> come on, come on, come on, baby<c> oh, oh<c> my pussy tastes like pepsi cola<c> ooh, ahh<c> my pussy tastes like pepsi cola<c> oohooh, oohooh, oohooh<c> my pussy tastes like pepsi cola<c> ooh, oh yeah"
Lana Del Rey,mariners apartment complex,"you took my sadness out of context<c> at the mariners apartment complex<c> i aint no candle in the wind<c> im the board, the lightning, the thunder<c> kind of girl whos gonna make you wonder<c> who you are and who youve been<c> and who ive been is with you on these beaches<c> your venice bitch, your diehard, your weakness<c> maybe i could save you from your sins<c> so kiss the sky and whisper to jesus<c> my, my, my, you found this, you need this<c> take a deep breath, baby, let me in<c> you lose your way, just take my hand<c> youre lost at sea, then ill command your boat to me again<c> dont look too far, right where you are, thats where i am<c> im your man<c> im your man<c> they mistook my kindness for weakness<c> i fucked up, i know that, but jesus<c> cant a girl just do the best she can?<c> catch a wave and take in the sweetness<c> think about it, the darkness, the deepness<c> all the things that make me who i am<c> and who i am is a bigtime believer<c> that people can change, but you dont have to leave her<c> when everyones talking, you can make a stand
cause even in the dark, i feel your resistance<c> you can see my heart burning in the distance<c> baby, baby, baby, im your man, yeah<c> you lose your way, just take my hand<c> youre lost at sea, then ill command your boat to me again<c> dont look too far, right where you are, thats where i am<c> im your man<c> im your man<c> catch a wave and take in the sweetness<c> take in the sweetness<c> you want this, you need this<c> are you ready for it?<c> are you ready for it?<c> are you ready for it?"
Lana Del Rey,fuck it i love you,"i like to see everything in neon<c> drink lime green, stay up til dawn<c> maybe the way that im living is killing me<c> i like to light up the stage with a song<c> do shit to keep me turned on<c> but one day i woke up like
maybe ill do it differently
<c> so i moved to california but its just a state of mind<c> it turns out everywhere you go you take yourself thats not a lie<c> wish that you would hold me or just say that you were mine<c> its killing me slowly<c> dream a little dream of me<c> make me into something sweet<c> turn the radio on, dancing to a pop song<c> fuck it, i love you<c> fuck it i love you<c> fuck it, i love you<c> i really do<c> i used to shoot up my veins in neon<c> and shits even brighter; youre gone<c> so many things i would say to you<c> i want you<c> you moved to california, but its just a state of mind<c> and you know everyone adores you<c> you cant feel it and youre tired<c> baby wish that you would hold me or just say that you were mine<c> but its killing me slowly<c> dream a little dream of me<c> turn this into something sweet<c> turn the radio on, dancing to a pop song<c> fuck it, i love you<c> fuck it, i love you<c> fuck it, i love you<c> i really do<c> it turns out californias more than just a state of mind<c> i met you on the boulevard, braids in my hair, you blew my mind<c> and if i wasnt so fucked up, i think id fuck you all the time<c> its killing me slowly<c> fuck it, i love you<c> fuck it, i love you<c> fuck it, i love you<c> i really do
<c> california dreamin, got my money on my mind<c> jazz in my veins, running out of time<c> california dreamin, got my money on my mind<c> jazz in my veins, running out of time<c> california dreamin, got my money on my mind<c> jazz in my veins, running out of time<c> california dreamin, got my money on my mind<c> jazz in my veins, running out of time"
Lana Del Rey,13 beaches,"i dont belong in the world, thats what it is<c> something separates me from other people<c> everywhere i turn, theres something blocking my escape<c> it took thirteen beaches to find one empty<c> but finally, its mine<c> with drippin peaches, im cameraready<c> almost all the time<c> but i still get lonely and, baby, only then<c> do i let myself recline<c> can i let go, and let your memory dance<c> in the ballroom of my mind?<c> across the county line<c> it hurts to love you, but i still love you<c> its just the way i feel<c> and id be lyin if i kept hidin<c> the fact that i cant deal<c> and that ive been dyin for somethin real<c> that ive been dyin for somethin real<c> it took thirteen beaches to find one empty<c> but finally, im fine<c> past ventura and lenses plenty<c> in the white sunshine<c> but you still can find me, if you ask nicely<c> underneath the pines<c> with the daisies, feelin hazy<c> in the ballroom of my mind<c> across the county line<c> it hurts to love you, but i still love you<c> its just the way i feel<c> and id be lyin if i kept hidin<c> the fact that i cant deal<c> and that ive been dyin for somethin real<c> that ive been dyin for somethin real<c> it hurts to love you, but i still love you<c> its just the way i feel<c> and id be lyin if i kept hidin<c> the fact that i cant deal<c> the fact that i cant deal"
Lana Del Rey,margaret,"this is a simple song, gonna write it for a friend<c> my shirt is inside out, im messy with the pen<c> he met margaret on a rooftop, she was wearin white<c> and he was like, i might be in trouble<c> he had flashes of the good life, he was like
should i jump off this building now or do it on the double?

cause, baby, if your love is in trouble<c> baby, if your love is in trouble<c> baby, if your love is in trouble<c> when you know, you know<c> when you know, you know<c> it kinda makes me laugh<c> runnin down that path<c> when youre good as gold
cause when you know, you know<c> word to all my friends<c> with their rd flags, their white knights<c> their black yes and their blue lies<c> if youre askin yourself, how do you know?<c> then thats your answer, the answer is no<c> you gotta run, gotta run, run, run, run like your heads on fire<c> run away like your head is on fire
cause, baby, if your love is in trouble<c> baby, if your love is in trouble<c> baby, if your love is in trouble<c> when you know, you know<c> when you know, you know<c> it kinda makes me laugh<c> runnin down that path<c> when youre good as gold
cause when you know, you know<c> and when youre old, youre old<c> like hollywood and me<c> the diamond on your ring<c> the soul that you bring to the table<c> the one that makes me sing<c> in a minor key
cause when you know, you know<c> when you know, you know<c> so if you dont know, dont give up
cause you never know what the new day might bring<c> maybe tomorrow youll know<c> maybe tomorrow youll know<c> maybe tomorrow youll know<c> i mean, join the party<c> by the way, the party is december 18
cause when you know, you know<c> and when youre old, youre old<c> like hollywood and me<c> that diamond on your ring<c> the soul that you bring to the table<c> the one that makes me sing<c> in a minor key<c> diamond on your ring
cause when you know, you know<c> when you know, you know"
